"Chinese (Traditional, Simplified, Pinyin, HSK)",Occidental
愛 ; 爱 ; ài ; HSK1,amar; amore
八 ; 八 ; bā ; HSK1,ott
爸爸 ; 爸爸 ; bàba ; HSK1,patre; papá
杯子 ; 杯子 ; bēizi ; HSK1,cope; tasse
北京 ; 北京 ; Běijīng ; HSK1,Beijing
本 ; 本 ; běn ; HSK1,mesur-parol por libres
不客氣 ; 不客气 ; bú kèqi ; HSK1,neproquó; ne esse polit
不 ; 不 ; bù ; HSK1,no; ne
菜 ; 菜 ; cài ; HSK1,manjage; legumes
茶 ; 茶 ; chá ; HSK1,té
吃 ; 吃 ; chī ; HSK1,manjar
出租車 ; 出租车 ; chūzūchē ; HSK1,taxi
打電話 ; 打电话 ; dǎ diànhuà ; HSK1,telefonar
大 ; 大 ; dà ; HSK1,grand
的 ; 的 ; de ; HSK1,de (in órdine contrari a ti de Occidental)
點 ; 点 ; diǎn ; HSK1,un punctu; un poc; hora
電腦 ; 电脑 ; diànnǎo ; HSK1,computator
電視 ; 电视 ; diànshì ; HSK1,television
電影 ; 电影 ; diànyǐng ; HSK1,filme
東西 ; 东西 ; dōngxi ; HSK1,cose; coses
都 ; 都 ; dōu ; HSK1,omni; ambi
讀 ; 读 ; dú ; HSK1,leer; studiar
對不起 ; 对不起 ; duìbuqǐ ; HSK1,pardon
多 ; 多 ; duō ; HSK1,mult
多少 ; 多少 ; duōshao ; HSK1,quant?
兒子 ; 儿子 ; érzi ; HSK1,filio
二 ; 二 ; èr ; HSK1,du
飯店 ; 饭店 ; fàndiàn ; HSK1,restaurant; hotel
飛機 ; 飞机 ; fēijī ; HSK1,aeroplane
分鐘 ; 分钟 ; fēnzhōng ; HSK1,minute; mesur-parol por témpor
高興 ; 高兴 ; gāoxìng ; HSK1,felici
個 ; 个 ; ge ; HSK1,general mesur-parol
工作 ; 工作 ; gōngzuò ; HSK1,laborar; un labor
狗 ; 狗 ; gǒu ; HSK1,can
漢語 ; 汉语 ; Hànyǔ ; HSK1,lingue chinés
好 ; 好 ; hǎo ; HSK1,bon
號 ; 号 ; hào ; HSK1,numeró; die del mensu
喝 ; 喝 ; hē ; HSK1,trincar
和 ; 和 ; hé ; HSK1,e; con
很 ; 很 ; hěn ; HSK1,tre
后面 ; 后面 ; hòumian ; HSK1,retro; detra
回 ; 回 ; huí ; HSK1,retornar; responder
會 ; 会 ; huì ; HSK1,posser far
幾 ; 几 ; jǐ ; HSK1,quant; pluri; quelc
家 ; 家 ; jiā ; HSK1,familie; dom
叫 ; 叫 ; jiào ; HSK1,nominar se
今天 ; 今天 ; jīntiān ; HSK1,hodie
九 ; 九 ; jiǔ ; HSK1,nin
開 ; 开 ; kāi ; HSK1,aperter; startar; conducter un vehicul
看 ; 看 ; kàn ; HSK1,vider; spectar
看見 ; 看见 ; kànjiàn ; HSK1,vider; capter vista de
塊 ; 块 ; kuài ; HSK1,glebe; pezze; summa pecuniari
來 ; 来 ; lái ; HSK1,venir; arivar; desde; sequent
老師 ; 老师 ; lǎoshī ; HSK1,instructor
了 ; 了 ; le ; HSK1,indica un action complet o finit
冷 ; 冷 ; lěng ; HSK1,frigid
裡 ; 里 ; lǐ ; HSK1,intra; milie chinés (~.5 km)
六 ; 六 ; liù ; HSK1,six
媽媽 ; 妈妈 ; māma ; HSK1,mamá; matre
嗎 ; 吗 ; ma ; HSK1,esque
買 ; 买 ; mǎi ; HSK1,comprar
貓 ; 猫 ; māo ; HSK1,cat
沒關系 ; 没关系 ; méi guānxi ; HSK1,ne importa
沒有 ; 没有 ; méiyǒu ; HSK1,ne hay
米飯 ; 米饭 ; mǐfàn ; HSK1,ris (cocinat)
明天 ; 明天 ; míngtiān ; HSK1,deman
名字 ; 名字 ; míngzi ; HSK1,nómine
哪 ; 哪 ; nǎa ; HSK1,quel; qualmen
哪兒 ; 哪儿 ; nǎr ; HSK1,u? (accentu Beijing)
那 ; 那 ; nà ; HSK1,ti-ta; tande
呢 ; 呢 ; ne ; HSK1,qualmen (tu pensa pri…)?
能 ; 能 ; néng ; HSK1,posser
你 ; 你 ; nǐ ; HSK1,tu
年 ; 年 ; nián ; HSK1,annu
女兒 ; 女儿 ; nǚ'ér ; HSK1,filia
朋友 ; 朋友 ; péngyou ; HSK1,amico/a
漂亮 ; 漂亮 ; piàoliang ; HSK1,bell
蘋果 ; 苹果 ; píngguǒ ; HSK1,pom
七 ; 七 ; qī ; HSK1,sett
錢 ; 钱 ; qián ; HSK1,moné; monete
前面 ; 前面 ; qiánmiàn ; HSK1,in avan
請 ; 请 ; qǐng ; HSK1,ples; invitar; regalar alquem
去 ; 去 ; qù ; HSK1,ear; departer
熱 ; 热 ; rè ; HSK1,calore; calid
人 ; 人 ; rén ; HSK1,person; mann; persones
認識 ; 认识 ; rènshi ; HSK1,conosser; conosser un person
三 ; 三 ; sān ; HSK1,tri
商店 ; 商店 ; shāngdiàn ; HSK1,"butíca, magasine"
上 ; 上 ; shàng ; HSK1,"súper, ad-supra"
上午 ; 上午 ; shàngwǔ ; HSK1,tard in li matine (ante midí)
少 ; 少 ; shǎo ; HSK1,poc
誰 ; 谁 ; shéi ; HSK1,qui
什麼 ; 什么 ; shénme ; HSK1,quo?
十 ; 十 ; shí ; HSK1,deci
時候 ; 时候 ; shíhou ; HSK1,témpor
是 ; 是 ; shì ; HSK1,esser
書 ; 书 ; shū ; HSK1,libre; lettre
水 ; 水 ; shuǐ ; HSK1,aqua
水果 ; 水果 ; shuǐguǒ ; HSK1,fructe
睡覺 ; 睡觉 ; shuì jiào ; HSK1,dormir; inlettar se
說 ; 说 ; shuō ; HSK1,parlar
四 ; 四 ; sì ; HSK1,quar
歲 ; 岁 ; suì ; HSK1,annu (de etá)
他 ; 他 ; tā ; HSK1,il
她 ; 她 ; tā ; HSK1,ella
太 ; 太 ; tài ; HSK1,tro
天氣 ; 天气 ; tiānqì ; HSK1,tempe
聽 ; 听 ; tīng ; HSK1,audir
同學 ; 同学 ; tóngxué ; HSK1,eleve del sam classe
喂 ; 喂 ; wèi ; HSK1,hallo (al telefone)
我 ; 我 ; wǒ ; HSK1,yo
我們 ; 我们 ; wǒmen ; HSK1,noi
五 ; 五 ; wǔ ; HSK1,quin
喜歡 ; 喜欢 ; xǐhuan ; HSK1,amar; esser pleset de
下 ; 下 ; xià ; HSK1,cader; sub; infra
下午 ; 下午 ; xiàwǔ ; HSK1,pos-midí
下雨 ; 下雨 ; xiàyǔ ; HSK1,pluviar
先生 ; 先生 ; xiānsheng ; HSK1,senior(a); specialist
現在 ; 现在 ; xiànzài ; HSK1,nu
想 ; 想 ; xiǎng ; HSK1,pensar; creder; suposir; vell amar far
小 ; 小 ; xiǎo ; HSK1,micri; yun
小姐 ; 小姐 ; xiǎojie ; HSK1,senioretta
些 ; 些 ; xiē ; HSK1,quelc; pluri; poc
寫 ; 写 ; xiě ; HSK1,scrir; composir
謝謝 ; 谢谢 ; xièxie ; HSK1,mersí
星期 ; 星期 ; xīngqī ; HSK1,semane
學生 ; 学生 ; xuésheng ; HSK1,studiante; eleve
學習 ; 学习 ; xuéxí ; HSK1,aprender; studiar
學校 ; 学校 ; xuéxiào ; HSK1,scol
一 ; 一 ; yī ; HSK1,un; un (númere un); un vez
衣服 ; 衣服 ; yīfu ; HSK1,vestiment
醫生 ; 医生 ; yīshēng ; HSK1,medico
醫院 ; 医院 ; yīyuàn ; HSK1,hospitale
椅子 ; 椅子 ; yǐzi ; HSK1,stul
一點兒 ; 一点儿 ; yìdiǎnr ; HSK1,un poc
有 ; 有 ; yǒu ; HSK1,haver
月 ; 月 ; yuè ; HSK1,lune; mensu
在 ; 在 ; zài ; HSK1,sur; in; ye; indica un action in continuation
再見 ; 再见 ; zàijiàn ; HSK1,"a revidentie, adío"
怎麼 ; 怎么 ; zěnme ; HSK1,qualmen?
怎麼樣 ; 怎么样 ; zěnmeyàng ; HSK1,qualmen (vell esser)?; qualmen (tu trova it)?
這 ; 这 ; zhè ; HSK1,ti-ci
中國 ; 中国 ; Zhōngguó ; HSK1,China
中午 ; 中午 ; zhōngwǔ ; HSK1,midí
住 ; 住 ; zhù ; HSK1,habitar; residar; haltar
桌子 ; 桌子 ; zhuōzi ; HSK1,table; scri-table
字 ; 字 ; zì ; HSK1,líttere; caractere
昨天 ; 昨天 ; zuótiān ; HSK1,yer
做 ; 做 ; zuò ; HSK1,far; crear
坐 ; 坐 ; zuò ; HSK1,seder
吧 ; 吧 ; ba ; HSK2,"particul quel indica un polit suggestion; | li son 'ba' | bar (trincatoria, internet-café, etc.)"
白 ; 白 ; bái ; HSK2,blanc; niveosi; pur; clar; vacui
百 ; 百 ; bǎi ; HSK2,cent
幫助 ; 帮助 ; bāngzhù ; HSK2,auxiliar; apoyar
報紙 ; 报纸 ; bàozhǐ ; HSK2,jurnale; gazette
比 ; 比 ; bǐ ; HSK2,comparar; quam (plu/minu quam…); gesticular durant parlada
別 ; 别 ; bié ; HSK2,"ne (ne far, stopp); | departer; | altri; diferentie; distinter"
賓館 ; 宾馆 ; bīnguǎn ; HSK2,hotel; albergo; gastería
"長 ; 长 ; cháng, zhǎng ; HSK2",long; longore | crescer; chef
唱歌 ; 唱歌 ; chànggē ; HSK2,cantar (un canzon)
出 ; 出 ; chū ; HSK2,departer; evenir
穿 ; 穿 ; chuān ; HSK2,vestir; penetrar
次 ; 次 ; cì ; HSK2,vez; -esim; órdine
從 ; 从 ; cóng ; HSK2,de; ex; obedir; observar
錯 ; 错 ; cuò ; HSK2,erra; errar; missuccessar
打籃球 ; 打篮球 ; dǎ lánqiú ; HSK2,far basketballe
大家 ; 大家 ; dàjiā ; HSK2,omnes
到 ; 到 ; dào ; HSK2,arivar (a un loc); til (un témpor)
得 ; 得 ; de ; HSK2,(particul complementari pos un verbe)
等 ; 等 ; děng ; HSK2,atender; rang; gradu; egal; etc.
弟弟 ; 弟弟 ; dìdi ; HSK2,(plu yun) fratre
第一 ; 第一 ; dìyī ; HSK2,prim; numeró 1
懂 ; 懂 ; dǒng ; HSK2,comprender; saver
對 ; 对 ; duì ; HSK2,corect; un pare; faciar; star vis-a-vis; vers
房間 ; 房间 ; fángjiān ; HSK2,chambre
非常 ; 非常 ; fēicháng ; HSK2,extraordinarimen; tre
服務員 ; 服务员 ; fúwùyuán ; HSK2,servitor(a)
高 ; 高 ; gāo ; HSK2,alt
告訴 ; 告诉 ; gàosu ; HSK2,dir; narrar; informar
哥哥 ; 哥哥 ; gēge ; HSK2,(plu old) fratre
給 ; 给 ; gěi ; HSK2,dar; octroyar; (particul passiv)
公共汽車 ; 公共汽车 ; gōnggòng qìchē ; HSK2,(public) autobus
公司 ; 公司 ; gōngsī ; HSK2,firma; corporation
貴 ; 贵 ; guì ; HSK2,car; nobil; nobli; provincie Guizhou (abreviation)
過 ; 过 ; guò ; HSK2,passar; crucear; (indica un experientie in li passate)
還 ; 还 ; hái ; HSK2,ancor; in plu; mem
孩子 ; 孩子 ; háizi ; HSK2,infante; filie
好吃 ; 好吃 ; hǎochī ; HSK2,gustosi; saporosi
黑 ; 黑 ; hēi ; HSK2,nigri; obscur; provincie Heilongjiang (abreviation)
紅 ; 红 ; hóng ; HSK2,rubi; simbol de successe; bonus; populari
火車站 ; 火车站 ; huǒchēzhàn ; HSK2,station ferroviari
機場 ; 机场 ; jīchǎng ; HSK2,aeropartu; aerodrom
雞蛋 ; 鸡蛋 ; jīdàn ; HSK2,ove (de galline)
件 ; 件 ; jiàn ; HSK2,"(contator por coses, vestimentes)"
教室 ; 教室 ; jiàoshì ; HSK2,sala de classe
姐姐 ; 姐姐 ; jiějie ; HSK2,(plu old) sestra
介紹 ; 介绍 ; jièshào ; HSK2,introducter; recomandar; introduction
進 ; 进 ; jìn ; HSK2,intrar
近 ; 近 ; jìn ; HSK2,proxim
就 ; 就 ; jiù ; HSK2,poy; strax; solmen; pri
覺得 ; 觉得 ; juéde ; HSK2,sentir; pensar
咖啡 ; 咖啡 ; kāfēi ; HSK2,café (trincage)
開始 ; 开始 ; kāishǐ ; HSK2,comensar; comense
考試 ; 考试 ; kǎoshì ; HSK2,exámine; examinar
可能 ; 可能 ; kěnéng ; HSK2,possibil; fórsan
可以 ; 可以 ; kěyǐ ; HSK2,posser; licet; possibil; oké
課 ; 课 ; kè ; HSK2,classe; subjecte; lection; cursu
快 ; 快 ; kuài ; HSK2,rapid; strax
快樂 ; 快乐 ; kuàilè ; HSK2,felici
累 ; 累 ; lèi ; HSK2,fatigat
離 ; 离 ; lí ; HSK2,departer; separar
兩 ; 两 ; liǎng ; HSK2,du; ambi
零 ; 零 ; líng ; HSK2,zero; lu restant
路 ; 路 ; lù ; HSK2,via; viage; rute
旅游 ; 旅游 ; lǚyóu ; HSK2,viage; tur
賣 ; 卖 ; mài ; HSK2,vendir
慢 ; 慢 ; màn ; HSK2,lent
忙 ; 忙 ; máng ; HSK2,ocupat
每 ; 每 ; měi ; HSK2,chascun; omni; singul
妹妹 ; 妹妹 ; mèimei ; HSK2,(plu yun) sestra
門 ; 门 ; mén ; HSK2,porta; apertura
面條 ; 面条 ; miàntiáo ; HSK2,nudle
男 ; 男 ; nán ; HSK2,mann
您 ; 您 ; nín ; HSK2,"vu (singul, polit)"
牛奶 ; 牛奶 ; niúnǎi ; HSK2,lacte (de un vacca)
女 ; 女 ; nǚ ; HSK2,fémina; feminin
旁邊 ; 旁边 ; pángbiān ; HSK2,látere; lateral
跑步 ; 跑步 ; pǎobù ; HSK2,currer; trottar
便宜 ; 便宜 ; piányi ; HSK2,modic
票 ; 票 ; piào ; HSK2,billete; bank-nota; un vote
妻子 ; 妻子 ; qīzi ; HSK2,marita
起床 ; 起床 ; qǐ chuáng ; HSK2,stantar se (exeante li lette); avigilar se
千 ; 千 ; qiān ; HSK2,mill
鉛筆 ; 铅笔 ; qiānbǐ ; HSK2,crayon
晴 ; 晴 ; qíng ; HSK2,"clar; fin (li tempe, etc.)"
去年 ; 去年 ; qùnián ; HSK2,li annu passat
讓 ; 让 ; ràng ; HSK2,petir; lassar
日 ; 日 ; rì ; HSK2,sole; die; date; témpor
上班 ; 上班 ; shàngbān ; HSK2,comensar laborar; dejorar; esser de servicie
身體 ; 身体 ; shēntǐ ; HSK2,córpor homan
生病 ; 生病 ; shēngbìng ; HSK2,devenir malad
生日 ; 生日 ; shēngrì ; HSK2,anniversarie (de nascentie)
時間 ; 时间 ; shíjiān ; HSK2,témpor; periode
事情 ; 事情 ; shìqing ; HSK2,afere; cose
手表 ; 手表 ; shǒubiǎo ; HSK2,tasca-horloge
手機 ; 手机 ; shǒujī ; HSK2,portabile (telefon)
說話 ; 说话 ; shuōhuà ; HSK2,parlar
送 ; 送 ; sòng ; HSK2,liverar; dar; misser; inviar
雖然 ; 虽然 ; suīrán ; HSK2,malgré; totvez
但是 ; 但是 ; dànshì ; HSK2,ma; támen
它 ; 它 ; tā ; HSK2,it
踢足球 ; 踢足球 ; tīzúqiú ; HSK2,luder futballe
題 ; 题 ; tí ; HSK2,subjecte; question in un exámine
跳舞 ; 跳舞 ; tiàowǔ ; HSK2,dansar
外 ; 外 ; wài ; HSK2,extern; in plu; foren
完 ; 完 ; wán ; HSK2,finir se; complet
玩 ; 玩 ; wán ; HSK2,luder; juir; amusar se
晚上 ; 晚上 ; wǎnshang ; HSK2,vésper; nocte
往 ; 往 ; wǎng ; HSK2,vader (vers un direction); verse; in li passate
為什麼 ; 为什么 ; wèishénme ; HSK2,pro quo?
問 ; 问 ; wèn ; HSK2,questionar; inquisiter
問題 ; 问题 ; wèntí ; HSK2,question; problema
西瓜 ; 西瓜 ; xīguā ; HSK2,aquamelon
希望 ; 希望 ; xīwàng ; HSK2,desirar; esperar
洗 ; 洗 ; xǐ ; HSK2,lavar (se)
小時 ; 小时 ; xiǎoshí ; HSK2,hor
笑 ; 笑 ; xiào ; HSK2,rider; subrider
新 ; 新 ; xīn ; HSK2,nov; region autonom de Xinjiang (abreviation)
姓 ; 姓 ; xìng ; HSK2,surnómine; nómine de familie
休息 ; 休息 ; xiūxi ; HSK2,reposar
雪 ; 雪 ; xuě ; HSK2,nive
顏色 ; 颜色 ; yánsè ; HSK2,color
眼睛 ; 眼睛 ; yǎnjing ; HSK2,ocul
羊肉 ; 羊肉 ; yángròu ; HSK2,agnine
藥 ; 药 ; yào ; HSK2,medicament; droque; chimicalie
要 ; 要 ; yào ; HSK2,voler; besonar; va; important
也 ; 也 ; yě ; HSK2,anc; in plu
一起 ; 一起 ; yìqǐ ; HSK2,junt; in li sam loc
一下 ; 一下 ; yíxià ; HSK2,pos un poc; un vez
已經 ; 已经 ; yǐjing ; HSK2,ja
意思 ; 意思 ; yìsi ; HSK2,signification; idé; opinion
因為 ; 因为 ; yīnwèi ; HSK2,nam
所以 ; 所以 ; suǒyǐ ; HSK2,talmen; pro to; quam resultate
陰 ; 阴 ; yīn ; HSK2,nubat; yin (contra yang); secrete; lune; negativ; ombre
游泳 ; 游泳 ; yóuyǒng ; HSK2,svimmar
右邊 ; 右边 ; yòubian ; HSK2,dextri
魚 ; 鱼 ; yú ; HSK2,pisc
遠 ; 远 ; yuǎn ; HSK2,lontan; distant
運動 ; 运动 ; yùndòng ; HSK2,exercicie (fisic/corporal); movement; sport; campanie
再 ; 再 ; zài ; HSK2,denov; un vez plu
早上 ; 早上 ; zǎoshang ; HSK2,(tost in li) matine
丈夫 ; 丈夫 ; zhàngfu ; HSK2,marito; mann
找 ; 找 ; zhǎo ; HSK2,serchar; dar micri moné
著 ; 着 ; zhe ; HSK2,-nt (monstrant un action continuant)
真 ; 真 ; zhēn ; HSK2,ver; genuin; autentic
正在 ; 正在 ; zhèngzài ; HSK2,esser fant (un cose); actualmen
知道 ; 知道 ; zhīdao ; HSK2,saver; esser conscient
准備 ; 准备 ; zhǔnbèi ; HSK2,preparar se
走 ; 走 ; zǒu ; HSK2,vader; marchar; ear; mover
最 ; 最 ; zuì ; HSK2,max
左邊 ; 左边 ; zuǒbian ; HSK2,levul
阿姨 ; 阿姨 ; āyí ; HSK3,tanta; bel-matre; step-matre; yun sestra del matre
啊 ; 啊 ; a ; HSK3,"ah; (particul monstrant surprise, dúbite, aprobation, etc.)"
矮 ; 矮 ; ǎi ; HSK3,curt; bass
愛好 ; 爱好 ; àihào ; HSK3,hobby; amar; interessar se pri
安靜 ; 安静 ; ānjìng ; HSK3,quiet; pacific; calm
把 ; 把 ; bǎ ; HSK3,(contator por coses con manuettes); (particul pretransitiv); tener
班 ; 班 ; bān ; HSK3,equip; classe; escadron
搬 ; 搬 ; bān ; HSK3,translocar; transportar
辦法 ; 办法 ; bànfǎ ; HSK3,metode (a far alquo)
辦公室 ; 办公室 ; bàngōngshì ; HSK3,oficie
半 ; 半 ; bàn ; HSK3,demí; semi-; íncomplet
幫忙 ; 帮忙 ; bāngmáng ; HSK3,auxiliar
包 ; 包 ; bāo ; HSK3,"covrir; voluer; tener; includer (contator por buxes, paquettes, etc.)"
飽 ; 饱 ; bǎo ; HSK3,manjar til plenitá; satisfat
北方 ; 北方 ; běifāng ; HSK3,nord; nord parte de un país
被 ; 被 ; bèi ; HSK3,per (forma li passive); un covri-lette; lett-covritura
鼻子 ; 鼻子 ; bízi ; HSK3,nase
比較 ; 比较 ; bǐjiào ; HSK3,comparar; contrastar; relativmen
比賽 ; 比赛 ; bǐsài ; HSK3,(sport) match; concurrentie
筆記本 ; 笔记本 ; bǐjìběn ; HSK3,nota-librette
必須 ; 必须 ; bìxū ; HSK3,dever; besonar
變化 ; 变化 ; biànhuà ; HSK3,changear
別人 ; 别人 ; biéren ; HSK3,altres
冰箱 ; 冰箱 ; bīngxiāng ; HSK3,refrigerator
不但 ; 不但 ; búdàn ; HSK3,ne solmen
而且 ; 而且 ; érqiě ; HSK3,in plu; e
菜單 ; 菜单 ; càidān ; HSK3,menú
參加 ; 参加 ; cānjiā ; HSK3,partiprender; adherer se a
草 ; 草 ; cǎo ; HSK3,herbe; pallie; esquisse (de un manuscrite)
層 ; 层 ; céng ; HSK3,"(contator por etages, strates)"
差 ; 差 ; chà ; HSK3,esser diferent de; esser inferior
超市 ; 超市 ; chāoshì ; HSK3,supermercate
襯衫 ; 衬衫 ; chènshān ; HSK3,camise; bluse
成績 ; 成绩 ; chéngjì ; HSK3,acomplement; successe; resultates (de labor o studie)
城市 ; 城市 ; chéngshì ; HSK3,cité o borgo
遲到 ; 迟到 ; chídào ; HSK3,arivar in retard
除了 ; 除了 ; chúle ; HSK3,except; in ultra; in plu
船 ; 船 ; chuán ; HSK3,bote; nave
春 ; 春 ; chūn ; HSK3,verne; joyosi
詞典 ; 词典 ; cídiǎn ; HSK3,dictionarium
聰明 ; 聪明 ; cōngming ; HSK3,inteligent; astut
打掃 ; 打扫 ; dǎsǎo ; HSK3,nettar; balayar
打算 ; 打算 ; dǎsuàn ; HSK3,planar; intenter
帶 ; 带 ; dài ; HSK3,bande; cintura; ribon; portar; aportar; elevar (infantes)
擔心 ; 担心 ; dānxīn ; HSK3,suciar se pri; esser anxiosi
蛋糕 ; 蛋糕 ; dàngāo ; HSK3,torte
當然 ; 当然 ; dāngrán ; HSK3,cert; comprensibilmen
"地 ; 地 ; dì, de ; HSK3",terre | (particul adverbial)
燈 ; 灯 ; dēng ; HSK3,lampe; lúmine
地方 ; 地方 ; dìfang ; HSK3,loc; spacie; parte (fāng: local; regional)
地鐵 ; 地铁 ; dìtiě ; HSK3,via subterran; metro
地圖 ; 地图 ; dìtú ; HSK3,landcarte; mappe
電梯 ; 电梯 ; diàntī ; HSK3,elevator
電子郵件 ; 电子邮件 ; diànzǐ yóujiàn ; HSK3,e-posta; email
東 ; 东 ; dōng ; HSK3,ost
冬 ; 冬 ; dōng ; HSK3,hiverne
動物 ; 动物 ; dòngwù ; HSK3,animale
短 ; 短 ; duǎn ; HSK3,"curt (longore, duration, altore); manca"
段 ; 段 ; duàn ; HSK3,paragraf; segment; section
鍛煉 ; 锻炼 ; duànliàn ; HSK3,exercir; adurar
多麼 ; 多么 ; duōme ; HSK3,"tam (bon, etc.); quam (bon idé)"
餓 ; 饿 ; è ; HSK3,afamat
耳朵 ; 耳朵 ; ěrduo ; HSK3,orel
"發 ; 发 ; fā, fà ; HSK3",inviar; distribuer; monstrar (su emotion) | capilles
發燒 ; 发烧 ; fāshāo ; HSK3,haver febre
發現 ; 发现 ; fāxiàn ; HSK3,decovrir
方便 ; 方便 ; fāngbiàn ; HSK3,convenent
放 ; 放 ; fàng ; HSK3,plazzar; liberar
放心 ; 放心 ; fàngxīn ; HSK3,relaxar; sentir aleviation
"分 ; 分 ; fēn, fèn ; HSK3",divider; parte; minute; centime | componente; portion
附近 ; 附近 ; fùjìn ; HSK3,(in li) vicinitá; proxim
復習 ; 复习 ; fùxí ; HSK3,reviser; aprender denov
干淨 ; 干净 ; gānjìng ; HSK3,nett
感冒 ; 感冒 ; gǎnmào ; HSK3,refrigidar se; refrigidation
感興趣 ; 感兴趣 ; gǎn xìngqù ; HSK3,interessar se pri
剛才 ; 刚才 ; gāngcái ; HSK3,just nu; ante un moment
個子 ; 个子 ; gèzi ; HSK3,altore; statura
根據 ; 根据 ; gēnjù ; HSK3,sequente; basat sur; secun
跟 ; 跟 ; gēn ; HSK3,sequer; ear junt; calcan
更 ; 更 ; gèng ; HSK3,plu; mem plu
公斤 ; 公斤 ; gōngjīn ; HSK3,kilogramma
公園 ; 公园 ; gōngyuán ; HSK3,parc public
故事 ; 故事 ; gùshi ; HSK3,historie; narration
刮風 ; 刮风 ; guāfēng ; HSK3,ventosi; sofflar (vente)
關 ; 关 ; guān ; HSK3,cluder; concerne; relation; passa (de un monte)
關系 ; 关系 ; guānxi ; HSK3,relation; concerne
關心 ; 关心 ; guānxīn ; HSK3,concerne; interesse
關於 ; 关于 ; guānyú ; HSK3,pri
國家 ; 国家 ; guójiā ; HSK3,land; país; nation
過 ; 过 ; guò ; HSK3,passar; crucear; (indica un experientie in li passate)
過去 ; 过去 ; guòqù ; HSK3,in li passate; anteyan
還是 ; 还是 ; háishi ; HSK3,o; totvez; vell esser plu bon
害怕 ; 害怕 ; hàipà ; HSK3,timer
黑板 ; 黑板 ; hēibǎn ; HSK3,tabul nigri
后來 ; 后来 ; hòulái ; HSK3,"plu tard, pos"
護照 ; 护照 ; hùzhào ; HSK3,passaporta
花 ; 花 ; huā ; HSK3,flor; florescer; expenser; custa
畫 ; 画 ; huà ; HSK3,dessinar; pictura
壞 ; 坏 ; huài ; HSK3,mal; ruptet
歡迎 ; 欢迎 ; huānyíng ; HSK3,salutar; far benevenit
還 ; 还 ; hái ; HSK3,ancor; támen; in plu
環境 ; 环境 ; huánjìng ; HSK3,circumitá; ambiente
換 ; 换 ; huàn ; HSK3,changear; exchangear; trocar; mercar
黃河 ; 黄河 ; huánghé ; HSK3,Yelb Rivere
回答 ; 回答 ; huídá ; HSK3,responder; replicar
會議 ; 会议 ; huìyì ; HSK3,incontra; conferentie
或者 ; 或者 ; huòzhě ; HSK3,o; possibil; fórsan
幾乎 ; 几乎 ; jīhū ; HSK3,presc
機會 ; 机会 ; jīhuì ; HSK3,oportunitá; chance; ocasion
極 ; 极 ; jí ; HSK3,un extremitá; pol; tre
記得 ; 记得 ; jìde ; HSK3,(re)memorar
季節 ; 季节 ; jìjié ; HSK3,seson; témpor; periode
檢查 ; 检查 ; jiǎnchá ; HSK3,controlar; examinar; inspecter
簡單 ; 简单 ; jiǎndān ; HSK3,simplic; ne complicat
見面 ; 见面 ; jiànmiàn ; HSK3,incontrar alquem; incontra
健康 ; 健康 ; jiànkāng ; HSK3,san; sanitá
講 ; 讲 ; jiǎng ; HSK3,parlar; lecter; explicar; un parlada; un parlada
"教 ; 教 ; jiāo, jiào ; HSK3",docer; instructer | religion; instruction
"角 ; 角 ; jiǎo, jué ; HSK3",corn; angul; monete (1/10 yuan); | rol (teatre)
腳 ; 脚 ; jiǎo ; HSK3,pede
接 ; 接 ; jiē ; HSK3,conexer; incontrar; reciver
街道 ; 街道 ; jiēdào ; HSK3,strade
節目 ; 节目 ; jiémù ; HSK3,programma; articul (sur un programma)
節日 ; 节日 ; jiérì ; HSK3,die festal; festa
結婚 ; 结婚 ; jiéhūn ; HSK3,mariar se
結束 ; 结束 ; jiéshù ; HSK3,terminar; finir; concluder
解決 ; 解决 ; jiějué ; HSK3,resoluer; finir un dispute
借 ; 借 ; jiè ; HSK3,prestar; pruntar
經常 ; 经常 ; jīngcháng ; HSK3,sovente; frequent; omnidial
經過 ; 经过 ; jīngguò ; HSK3,trapassar; quam resultate
經理 ; 经理 ; jīnglǐ ; HSK3,gerente; director
久 ; 久 ; jiǔ ; HSK3,long (témpor)
舊 ; 旧 ; jiù ; HSK3,old; anteyan; usat
句子 ; 句子 ; jùzi ; HSK3,frase
決定 ; 决定 ; juédìng ; HSK3,decider; resoluer
可愛 ; 可爱 ; kě'ài ; HSK3,pretti; amabil
渴 ; 渴 ; kě ; HSK3,setosi; havent sete
刻 ; 刻 ; kè ; HSK3,quaresim (de un hor); (contator por curt pezzes de témpor); tranchar; ciser
客人 ; 客人 ; kèrén ; HSK3,gast; cliente
空調 ; 空调 ; kōngtiáo ; HSK3,climatisation
口 ; 口 ; kǒu ; HSK3,bocca
哭 ; 哭 ; kū ; HSK3,plorar; lacrimar
褲子 ; 裤子 ; kùzi ; HSK3,pantalones
筷子 ; 筷子 ; kuàizi ; HSK3,bastonettes (por manjar)
藍 ; 蓝 ; lán ; HSK3,blu
老 ; 老 ; lǎo ; HSK3,old; etosi; dur; frequent
離開 ; 离开 ; líkāi ; HSK3,lassar; departer
禮物 ; 礼物 ; lǐwù ; HSK3,don; donation
歷史 ; 历史 ; lìshǐ ; HSK3,historie
臉 ; 脸 ; liǎn ; HSK3,visage
練習 ; 练习 ; liànxí ; HSK3,exercitie; practica
輛 ; 辆 ; liàng ; HSK3,(contator por vehicules)
聊天 ; 聊天 ; liáotiān ; HSK3,babillar
了解 ; 了解 ; liǎojiě ; HSK3,comprender; saver; comprension
鄰居 ; 邻居 ; línjū ; HSK3,vicino/a
留學 ; 留学 ; liúxué ; HSK3,studiar in extrania
樓 ; 楼 ; lóu ; HSK3,etage; edificie con mult etages
綠 ; 绿 ; lǜ ; HSK3,verd
馬 ; 马 ; mǎ ; HSK3,cavalle
馬上 ; 马上 ; mǎshàng ; HSK3,strax
滿意 ; 满意 ; mǎnyì ; HSK3,satisfat; pleset
帽子 ; 帽子 ; màozi ; HSK3,chapel
米 ; 米 ; mǐ ; HSK3,ris; metre
面包 ; 面包 ; miànbāo ; HSK3,bread
明白 ; 明白 ; míngbai ; HSK3,clar; evident; comprender
拿 ; 拿 ; ná ; HSK3,tener in li manu; capter
奶奶 ; 奶奶 ; nǎinai ; HSK3,ava
南 ; 南 ; nán ; HSK3,sud
難 ; 难 ; nán ; HSK3,desfacil
難過 ; 难过 ; nánguò ; HSK3,"esser chagrinat, trist; passar un desfacil témpor"
年級 ; 年级 ; niánjí ; HSK3,gradu; annu (scolari)
年輕 ; 年轻 ; niánqīng ; HSK3,yun
鳥 ; 鸟 ; niǎo ; HSK3,avie
努力 ; 努力 ; nǔlì ; HSK3,laborar dur; penar
爬山 ; 爬山 ; páshān ; HSK3,alpinisme; climbar montes
盤子 ; 盘子 ; pánzi ; HSK3,platil; plate; porta-plate
胖 ; 胖 ; pàng ; HSK3,grassi; grassatri
皮鞋 ; 皮鞋 ; píxié ; HSK3,cutin sapates
啤酒 ; 啤酒 ; píjiǔ ; HSK3,bir
瓶子 ; 瓶子 ; píngzi ; HSK3,botelle
其實 ; 其实 ; qíshí ; HSK3,in fact
其他 ; 其他 ; qítā ; HSK3,altri; altrimen
奇怪 ; 奇怪 ; qíguài ; HSK3,strangi
騎 ; 骑 ; qí ; HSK3,vehicular; cavalcar; seder se sur
起飛 ; 起飞 ; qǐfēi ; HSK3,involar (un aeroplane)
起來 ; 起来 ; qǐlai ; HSK3,(comensant o continuant un action); levar se
清楚 ; 清楚 ; qīngchu ; HSK3,clar; distint; esser clar pri
請假 ; 请假 ; qǐngjià ; HSK3,petir vacanties
秋 ; 秋 ; qiū ; HSK3,autun; témpor de recoltar
裙子 ; 裙子 ; qúnzi ; HSK3,jup
然后 ; 然后 ; ránhòu ; HSK3,poy
熱情 ; 热情 ; rèqíng ; HSK3,cordial; calid; entusiastic
認為 ; 认为 ; rènwéi ; HSK3,creder; pensar que
認真 ; 认真 ; rènzhēn ; HSK3,seriosi; sinceri
容易 ; 容易 ; róngyì ; HSK3,facil; probabil; -aci
如果 ; 如果 ; rúguǒ ; HSK3,si
傘 ; 伞 ; sǎn ; HSK3,parapluvie; parasole
上網 ; 上网 ; shàngwǎng ; HSK3,usar li internet
生氣 ; 生气 ; shēngqì ; HSK3,incolerat
聲音 ; 声音 ; shēngyīn ; HSK3,son; voce
世界 ; 世界 ; shìjiè ; HSK3,munde
試 ; 试 ; shì ; HSK3,provar; examinar; exámine
瘦 ; 瘦 ; shòu ; HSK3,magri
叔叔 ; 叔叔 ; shūshu ; HSK3,plu yun fratre del patre; oncle
舒服 ; 舒服 ; shūfu ; HSK3,comfortabil; sentient bon
樹 ; 树 ; shù ; HSK3,árbor
數學 ; 数学 ; shùxué ; HSK3,matematica
刷牙 ; 刷牙 ; shuāyá ; HSK3,brossar li dentes
雙 ; 双 ; shuāng ; HSK3,du; duplic; (contator por pares)
水平 ; 水平 ; shuǐpíng ; HSK3,nivelle; horizontal
司機 ; 司机 ; sījī ; HSK3,chofero
太陽 ; 太阳 ; tàiyáng ; HSK3,sole
特別 ; 特别 ; tèbié ; HSK3,special; specialmen; particularimen
疼 ; 疼 ; téng ; HSK3,dolore; dolorar; amar tendrimen
提高 ; 提高 ; tígāo ; HSK3,levar; elevar; ameliorar
體育 ; 体育 ; tǐyù ; HSK3,exercitie corporal; sport
甜 ; 甜 ; tián ; HSK3,dulci
條 ; 条 ; tiáo ; HSK3,strie; (contator por objectes long e tenui); parte
同事 ; 同事 ; tóngshì ; HSK3,colaborator
同意 ; 同意 ; tóngyì ; HSK3,acordar; consentir; aprobar
頭發 ; 头发 ; tóufa ; HSK3,capilles (del cap)
突然 ; 突然 ; tūrán ; HSK3,subit; abrupt
圖書館 ; 图书馆 ; túshūguǎn ; HSK3,biblioteca
腿 ; 腿 ; tuǐ ; HSK3,gambe
完成 ; 完成 ; wánchéng ; HSK3,compleer; completar; acompleer
碗 ; 碗 ; wǎn ; HSK3,scudelle; tasse
萬 ; 万 ; wàn ; HSK3,deci mill
忘記 ; 忘记 ; wàngjì ; HSK3,obliviar
為 ; 为 ; wèi ; HSK3,por; pro; a
為了 ; 为了 ; wèile ; HSK3,por; por li motive de
位 ; 位 ; wèi ; HSK3,position; location; (contator polit por persones)
文化 ; 文化 ; wénhuà ; HSK3,cultura; civilisation
西 ; 西 ; xī ; HSK3,west
習慣 ; 习惯 ; xíguàn ; HSK3,hábitu; esser acustomat a; usu
洗手間 ; 洗手间 ; xǐshǒujiān ; HSK3,wc; closette
洗澡 ; 洗澡 ; xǐzǎo ; HSK3,balnear; duchar
夏 ; 夏 ; xià ; HSK3,estive
先 ; 先 ; xiān ; HSK3,prim; tost; ante
相信 ; 相信 ; xiāngxìn ; HSK3,creder (alquem); esser convictet pri
香蕉 ; 香蕉 ; xiāngjiāo ; HSK3,banane
向 ; 向 ; xiàng ; HSK3,direction; vers; tornar se; frontar
像 ; 像 ; xiàng ; HSK3,similar; aparentie; aspecte
小心 ; 小心 ; xiǎoxīn ; HSK3,esser caut
校長 ; 校长 ; xiàozhǎng ; HSK3,"principale (de un scol, universitá); presidente"
新聞 ; 新闻 ; xīnwén ; HSK3,novas
新鮮 ; 新鲜 ; xīnxiān ; HSK3,"frisc (experientie, manjage, etc.); nov"
信用卡 ; 信用卡 ; xìnyòngkǎ ; HSK3,carte de credite
行李箱 ; 行李箱 ; xínglǐxiāng ; HSK3,coffre; valise
熊貓 ; 熊猫 ; xióngmāo ; HSK3,panda
需要 ; 需要 ; xūyào ; HSK3,besonar; voler; demandar
選擇 ; 选择 ; xuǎnzé ; HSK3,selecter
要求 ; 要求 ; yāoqiú ; HSK3,demandar; exiger; postulation
爺爺 ; 爷爷 ; yéye ; HSK3,avo (patre de patre)
一般 ; 一般 ; yìbān ; HSK3,general; ordinari; comun; sam
一邊 ; 一边 ; yìbiān ; HSK3,un látere; ye un látere; al sam témpor
一定 ; 一定 ; yídìng ; HSK3,cert; necessimen; definit
一共 ; 一共 ; yígòng ; HSK3,in tot
一會兒 ; 一会儿 ; yíhuìr ; HSK3,un moment; un poc témpor
一樣 ; 一样 ; yíyàng ; HSK3,sam; simil; egal a
一直 ; 一直 ; yìzhí ; HSK3,sempre; rect (sequente un rect linea)
以前 ; 以前 ; yǐqián ; HSK3,ante; anteyan
音樂 ; 音乐 ; yīnyuè ; HSK3,musica
銀行 ; 银行 ; yínháng ; HSK3,bank
飲料 ; 饮料 ; yǐnliào ; HSK3,trincage
應該 ; 应该 ; yīnggāi ; HSK3,deve; vell dever
影響 ; 影响 ; yǐngxiǎng ; HSK3,influentie; efecter
用 ; 用 ; yòng ; HSK3,usar
游戲 ; 游戏 ; yóuxì ; HSK3,lude; recreation
有名 ; 有名 ; yǒumíng ; HSK3,famosi; largmen conosset
又 ; 又 ; yòu ; HSK3,denov; anc; ambi
遇到 ; 遇到 ; yùdào ; HSK3,incontrar; colider con
元 ; 元 ; yuán ; HSK3,yuan (pecunie chinés); dóllar; prim; principal
願意 ; 愿意 ; yuànyì ; HSK3,esser voluntari; voler; esser pret
月亮 ; 月亮 ; yuèliang ; HSK3,li lune
越 ; 越 ; yuè ; HSK3,mem plu; plu…plu; exceder
站 ; 站 ; zhàn ; HSK3,star; un station; star sur li pedes; centre de servicie
張 ; 张 ; zhāng ; HSK3,(contator por plat objectes); expander se
"長 ; 长 ; cháng, zhǎng ; HSK3",long; longore | crescer; chef
著急 ; 着急 ; zháojí ; HSK3,suciar se; esser anxiosi
照顧 ; 照顾 ; zhàogu ; HSK3,cuidar pri; dar consideration/indulgentie
照片 ; 照片 ; zhàopiàn ; HSK3,pictura; foto
照相機 ; 照相机 ; zhàoxiàngjī ; HSK3,cámera
"隻 ; 只 ; zhī, zhǐ ; HSK3",ma; solmen | (contator por avies e cert animales)
隻有 ; 只有 ; zhǐyǒu ; HSK3,solmen
才 ; 才 ; cái ; HSK3,habilitá; ante ne long; ne ante
中間 ; 中间 ; zhōngjiān ; HSK3,centre; medie; inter
中文 ; 中文 ; Zhōngwén ; HSK3,lingue chinés
終於 ; 终于 ; zhōngyú ; HSK3,in fine; ye li fine
種 ; 种 ; zhǒng ; HSK3,tip; rasse; seme
重要 ; 重要 ; zhòngyào ; HSK3,important; significant; majori
周末 ; 周末 ; zhōumò ; HSK3,fine de semane
主要 ; 主要 ; zhǔyào ; HSK3,chef; principal; majori
注意 ; 注意 ; zhùyì ; HSK3,atenter; esser caut
自己 ; 自己 ; zìjǐ ; HSK3,self; se self
自行車 ; 自行车 ; zìxíngchē ; HSK3,bicicle
總是 ; 总是 ; zǒngshì ; HSK3,sempre; in fine
嘴 ; 嘴 ; zuǐ ; HSK3,bocca
最后 ; 最后 ; zuìhòu ; HSK3,ultim; ultimmen
最近 ; 最近 ; zuìjìn ; HSK3,recentmen; in ti-ci dies
作業 ; 作业 ; zuòyè ; HSK3,tache hematri (por eleves); deventies; tache
愛情 ; 爱情 ; àiqíng ; HSK4,(romantic) amore
安排 ; 安排 ; ānpái ; HSK4,arangear; planar
安全 ; 安全 ; ānquán ; HSK4,secur; securitá
按時 ; 按时 ; ànshí ; HSK4,in just témpor; secun li plan temporal
按照 ; 按照 ; ànzhào ; HSK4,secun; sequente
百分之 ; 百分之 ; bǎifēnzhī ; HSK4,percent
棒 ; 棒 ; bàng ; HSK4,baston; club; bonissim
包子 ; 包子 ; bāozi ; HSK4,baozi (panette vaporeat e stuffat)
保護 ; 保护 ; bǎohù ; HSK4,protecter; defender
保證 ; 保证 ; bǎozhèng ; HSK4,garantir; far cert
報名 ; 报名 ; bào míng ; HSK4,candidatar se; inscrir su nómine
抱 ; 抱 ; bào ; HSK4,tener; inbrassar; tener in li armes; lullar
抱歉 ; 抱歉 ; bàoqiàn ; HSK4,regretar; excusar se
倍 ; 倍 ; bèi ; HSK4,-plic; vezes (multiplicatori)
本來 ; 本来 ; běnlái ; HSK4,originalmen; in prim
笨 ; 笨 ; bèn ; HSK4,stupid; foll; ínhabil
比如 ; 比如 ; bǐrú ; HSK4,por exemple; tal(es) quam
畢業 ; 毕业 ; bì yè ; HSK4,graduar; ganiar un gradu scolari/universitari
遍 ; 遍 ; biàn ; HSK4,un vez; omniloc; torne (contator por vezes o tornes)
標准 ; 标准 ; biāozhǔn ; HSK4,(un oficial) standard; norme; criterie
表格 ; 表格 ; biǎogé ; HSK4,formul (document)
表示 ; 表示 ; biǎoshì ; HSK4,expresser; monstrar; indicar
表演 ; 表演 ; biǎoyǎn ; HSK4,"performar; luder (in un teatre, etc.)"
表揚 ; 表扬 ; biǎoyáng ; HSK4,laudar; recomendar
餅幹 ; 饼干 ; bǐnggān ; HSK4,biscuit; craca-bonbon
並且 ; 并且 ; bìngqiě ; HSK4,e; in plu; ultra
博士 ; 博士 ; bóshì ; HSK4,doctor; PhD
不得不 ; 不得不 ; bù dé bù ; HSK4,dever; haver null alternative; ne posser ne
不管 ; 不管 ; bùguǎn ; HSK4,sin egarda a
不過 ; 不过 ; búguò ; HSK4,solmen; ma; támen
不僅 ; 不仅 ; bùjǐn ; HSK4,ne solmen
部分 ; 部分 ; bùfen ; HSK4,parte; section
擦 ; 擦 ; cā ; HSK4,essuyar; polir; frottar
猜 ; 猜 ; cāi ; HSK4,divinar
材料 ; 材料 ; cáiliào ; HSK4,materiale
參觀 ; 参观 ; cānguān ; HSK4,"visitar (un loc turistic, etc.); inspecter"
餐廳 ; 餐厅 ; cāntīng ; HSK4,manjatoria; cafeería; restaurante
廁所 ; 厕所 ; cèsuǒ ; HSK4,wc; toilette
差不多 ; 差不多 ; chàbuduō ; HSK4,presc; presc sam
長城 ; 长城 ; chángchéng ; HSK4,li Grand Mur
長江 ; 长江 ; Chángjiāng ; HSK4,li Rivere Yangtze / Changjiang
嘗 ; 尝 ; cháng ; HSK4,gustar; guste; (indica li passate)
場 ; 场 ; chǎng ; HSK4,"corte; loc; agre; (contator por ludes, presentationes, etc.)"
超過 ; 超过 ; chāoguò ; HSK4,superar; exceder
成功 ; 成功 ; chénggōng ; HSK4,successe; successer
成爲 ; 成为 ; chéngwéi ; HSK4,devenir
誠實 ; 诚实 ; chéngshí ; HSK4,honest; honorabil
乘坐 ; 乘坐 ; chéngzuò ; HSK4,cavalcar; vehicular; intrar (un vehicul)
吃驚 ; 吃惊 ; chī jīng ; HSK4,esser surprisat / chocat / astonat
重新 ; 重新 ; chóngxīn ; HSK4,denov; un vez plu
抽煙 ; 抽烟 ; chōuyān ; HSK4,"fumar (un cigarette, pipe, etc.)"
出差 ; 出差 ; chū chāi ; HSK4,viagear por aferes
出發 ; 出发 ; chūfā ; HSK4,comensar; departer
出生 ; 出生 ; chūshēng ; HSK4,nascer
出現 ; 出现 ; chūxiàn ; HSK4,aparir; emerser
廚房 ; 厨房 ; chúfáng ; HSK4,cocina
傳真 ; 传真 ; chuánzhēn ; HSK4,fax; facsimile
窗戶 ; 窗户 ; chuānghu ; HSK4,fenestre
詞語 ; 词语 ; cíyǔ ; HSK4,paroles e expressiones; términos
從來 ; 从来 ; cónglái ; HSK4,sempre
粗心 ; 粗心 ; cūxīn ; HSK4,ínatentiv; negligent
存 ; 存 ; cún ; HSK4,exister; deposir; provisionar
錯誤 ; 错误 ; cuòwù ; HSK4,erra; miscomprense; miscomprendet
答案 ; 答案 ; dá'àn ; HSK4,response; solution
打扮 ; 打扮 ; dǎban ; HSK4,ornar se; maquilar se; aplicar cosmetico
打擾 ; 打扰 ; dǎrǎo ; HSK4,disturbar
打印 ; 打印 ; dǎyìn ; HSK4,printar
打招呼 ; 打招呼 ; dǎzhāohu ; HSK4,notificar; salutar; informar
打折 ; 打折 ; dǎzhé ; HSK4,vendir con disconto
打針 ; 打针 ; dǎzhēn ; HSK4,injecter; reciver un injection
大概 ; 大概 ; dàgài ; HSK4,probabilmen; circa; aproximativmen
大使館 ; 大使馆 ; dàshǐguǎn ; HSK4,ambassade
大約 ; 大约 ; dàyuē ; HSK4,aproximativmen; circa
大夫 ; 大夫 ; dàifu ; HSK4,medico; doctor
戴 ; 戴 ; dài ; HSK4,vestir; metter; respectar
當 ; 当 ; dāng ; HSK4,deve; acter quam; laborar quam; egalar; (son de cloches)
當時 ; 当时 ; dāngshí ; HSK4,tande; ye ti témpor; durant que
刀 ; 刀 ; dāo ; HSK4,cultelle; lame
導遊 ; 导游 ; dǎoyóu ; HSK4,guide turistic
到處 ; 到处 ; dàochù ; HSK4,omniloc; partú
到底 ; 到底 ; dào dǐ ; HSK4,in summa; in li fine (usat in questiones)
"倒 ; 倒 ; dǎo, dào ; HSK4",crular; cader; fallir; exchangear | versar; in contrari al expectationes
道歉 ; 道歉 ; dàoqiàn ; HSK4,petir pardon; excusar se
得意 ; 得意 ; déyì ; HSK4,orgolliosi; self-satisfat
得 ; 得 ; de ; HSK4,(particul complementari)
登機牌 ; 登机牌 ; dēngjīpái ; HSK4,passe por abordar
等 ; 等 ; děng ; HSK4,atender; rang; egal; etc.; e altri tal coses
低 ; 低 ; dī ; HSK4,bass; abassar (su cap); clinar se
底 ; 底 ; dǐ ; HSK4,funde; base
地點 ; 地点 ; dìdiǎn ; HSK4,loc; location
地球 ; 地球 ; dìqiú ; HSK4,Terra; planete
地址 ; 地址 ; dìzhǐ ; HSK4,adresse
調查 ; 调查 ; diàochá ; HSK4,investigar; investigation; inqueste
掉 ; 掉 ; diào ; HSK4,lassar cader; cader
丟 ; 丢 ; diū ; HSK4,perdir alquo; jettar; escartar
動作 ; 动作 ; dòngzuò ; HSK4,movement; motion; action
堵車 ; 堵车 ; dǔchē ; HSK4,congestion (de trafic)
肚子 ; 肚子 ; dùzi ; HSK4,ventre; abdómine; stomac
短信 ; 短信 ; duǎnxìn ; HSK4,textu-missage
對話 ; 对话 ; duìhuà ; HSK4,dialogue; conversation
對面 ; 对面 ; duìmiàn ; HSK4,contrari; oposit; al altri látere
對于 ; 对于 ; duìyú ; HSK4,pri; regardante; por
兒童 ; 儿童 ; értóng ; HSK4,infante
而 ; 而 ; ér ; HSK4,e; ma; ancor; durant
發生 ; 发生 ; fāshēng ; HSK4,evenir
發展 ; 发展 ; fāzhǎn ; HSK4,developar; developament; crescentie
法律 ; 法律 ; fǎlǜ ; HSK4,lege; statute
翻譯 ; 翻译 ; fānyì ; HSK4,traducter; traduction; interpreter
煩惱 ; 烦恼 ; fánnǎo ; HSK4,sucient; vexat
反對 ; 反对 ; fǎnduì ; HSK4,oposir; luctar contra
方法 ; 方法 ; fāngfǎ ; HSK4,metode; medie
方面 ; 方面 ; fāngmiàn ; HSK4,aspecte; látere
方向 ; 方向 ; fāngxiàng ; HSK4,direction; orientation
房東 ; 房东 ; fángdōng ; HSK4,proprietario (de un dom)
放棄 ; 放弃 ; fàngqì ; HSK4,abandonar; renounciar
放暑假 ; 放暑假 ; fàng shǔjià ; HSK4,passar li vacanties estival
放松 ; 放松 ; fàngsōng ; HSK4,relaxar; laxar; alaxar
份 ; 份 ; fèn ; HSK4,"parte; portion; (contator por documentes, paperes, postos de labor, etc.)"
豐富 ; 丰富 ; fēngfù ; HSK4,rich; inrichar; abundant
否則 ; 否则 ; fǒuzé ; HSK4,si no; altrimen
符合 ; 符合 ; fúhé ; HSK4,"sequente, secun"
父親 ; 父亲 ; fùqin ; HSK4,patre
付款 ; 付款 ; fù kuǎn ; HSK4,payar
負責 ; 负责 ; fùzé ; HSK4,responsabil por (alquo); in servicie a
複印 ; 复印 ; fùyìn ; HSK4,fotocopiar; duplicate
複雜 ; 复杂 ; fùzá ; HSK4,complicat; complex
富 ; 富 ; fù ; HSK4,rich; opulent
改變 ; 改变 ; gǎibiàn ; HSK4,changear; alterar; transformar
幹杯 ; 干杯 ; gān bēi ; HSK4,toste; tostar; trinca bon!
趕 ; 赶 ; gǎn ; HSK4,rejunter se con; atinger; expulser
敢 ; 敢 ; gǎn ; HSK4,audaciar
感動 ; 感动 ; gǎndòng ; HSK4,emoer se; atendrir se
感覺 ; 感觉 ; gǎnjué ; HSK4,sentir; devenir conscient; sentiment
感情 ; 感情 ; gǎnqíng ; HSK4,sentiment; emotion; sensation
感謝 ; 感谢 ; gǎnxiè ; HSK4,mersiar; esser grat
幹 ; 干 ; gān ; HSK4,concerner; scude; sicc; nett
剛 ; 刚 ; gāng ; HSK4,just nu; recentmen; firm
高速公路 ; 高速公路 ; gāosù gōnglù ; HSK4,autostrade
胳膊 ; 胳膊 ; gēbo ; HSK4,brasse
各 ; 各 ; gè ; HSK4,chascun; omni
工資 ; 工资 ; gōngzī ; HSK4,salarie; ganie
公裏 ; 公里 ; gōnglǐ ; HSK4,kilometre
功夫 ; 功夫 ; gōngfu ; HSK4,kung fu; habilitá; arte; labor
共同 ; 共同 ; gòngtóng ; HSK4,junt; comun
購物 ; 购物 ; gòuwù ; HSK4,comprar; ear comprar
夠 ; 够 ; gòu ; HSK4,sat; atinger
估計 ; 估计 ; gūjì ; HSK4,aprisar; estimar
鼓勵 ; 鼓励 ; gǔlì ; HSK4,incoragear; inspirar
故意 ; 故意 ; gùyì ; HSK4,deliberatmen; intentionat
顧客 ; 顾客 ; gùkè ; HSK4,cliente; comprator
挂 ; 挂 ; guà ; HSK4,apender; suspender
關鍵 ; 关键 ; guānjiàn ; HSK4,decisiv; pivotal
觀衆 ; 观众 ; guānzhòng ; HSK4,spectator; audientie
管理 ; 管理 ; guǎnlǐ ; HSK4,supervider; gerer
光 ; 光 ; guāng ; HSK4,lúmine; radie; clar; solmen; expenset; consumat
廣播 ; 广播 ; guǎngbō ; HSK4,difuser; sur radio-difusion
廣告 ; 广告 ; guǎnggào ; HSK4,reclam; anuncie
逛 ; 逛 ; guàng ; HSK4,vagar; visitar; far fenestre-compras (vider ma ne comprar)
規定 ; 规定 ; guīdìng ; HSK4,regulation; stipular; fixar
國籍 ; 国籍 ; guójí ; HSK4,nationalitá
國際 ; 国际 ; guójì ; HSK4,international
果汁 ; 果汁 ; guǒzhī ; HSK4,succ de fructe
過程 ; 过程 ; guòchéng ; HSK4,cursu de evenimentes; processe
海洋 ; 海洋 ; hǎiyáng ; HSK4,ocean
害羞 ; 害羞 ; hài xiū ; HSK4,rubijar; timid
寒假 ; 寒假 ; hánjià ; HSK4,vacanties hivernal
汗 ; 汗 ; hàn ; HSK4,sudore; sudar; Khan
航班 ; 航班 ; hángbān ; HSK4,vola (de avion); numeró de vola
好處 ; 好处 ; hǎochu ; HSK4,beneficie; avantage
好像 ; 好像 ; hǎoxiàng ; HSK4,just quam; semblar esser
號碼 ; 号码 ; hàomǎ ; HSK4,numeró
合格 ; 合格 ; hégé ; HSK4,qualificat; compleent li norme
合適 ; 合适 ; héshì ; HSK4,convenent; scope-conform
盒子 ; 盒子 ; hézi ; HSK4,buxe
後悔 ; 后悔 ; hòuhuǐ ; HSK4,regretar; repenter
厚 ; 厚 ; hòu ; HSK4,spess (por plat coses); generosi
互聯網 ; 互联网 ; Hùliánwǎng ; HSK4,Internet
互相 ; 互相 ; hùxiāng ; HSK4,reciproc; con unaltru
護士 ; 护士 ; hùshi ; HSK4,maladera/o; garda-malade
懷疑 ; 怀疑 ; huáiyí ; HSK4,dubitar; suspecter; esser skeptic
回憶 ; 回忆 ; huíyì ; HSK4,rememorar; revocar in mente
活動 ; 活动 ; huódòng ; HSK4,activitá; exercitie; circummovar
活潑 ; 活泼 ; huópo ; HSK4,vivaci
火 ; 火 ; huǒ ; HSK4,foy
獲得 ; 获得 ; huòdé ; HSK4,obtener; aquisir
積極 ; 积极 ; jījí ; HSK4,activ; positiv; energic
積累 ; 积累 ; jīlěi ; HSK4,acumular; acumulation
基礎 ; 基础 ; jīchǔ ; HSK4,base; fundament
激動 ; 激动 ; jīdòng ; HSK4,excitar; agitar
及時 ; 及时 ; jíshí ; HSK4,in just témpor; prompt; sin tarde
即使 ; 即使 ; jíshǐ ; HSK4,mem si; etsi; benque
計劃 ; 计划 ; jìhuà ; HSK4,plan; project
記者 ; 记者 ; jìzhě ; HSK4,raportero; jurnalist
技術 ; 技术 ; jìshù ; HSK4,tecnologie; habilitá
既然 ; 既然 ; jìrán ; HSK4,pro que; vidente que
繼續 ; 继续 ; jìxù ; HSK4,continuar; durar; proceder
寄 ; 寄 ; jì ; HSK4,inviar per posta
加班 ; 加班 ; jiā bān ; HSK4,laborar ultrahoralmen
加油站 ; 加油站 ; jiāyóuzhàn ; HSK4,benzin-station; benzinería; station de servicie
家具 ; 家具 ; jiājù ; HSK4,mobles
"假 ; 假 ; jiǎ, jià ; HSK4",fals; si; pruntar | vacanties
價格 ; 价格 ; jiàgé ; HSK4,precie
堅持 ; 坚持 ; jiānchí ; HSK4,persister in; perseverer
減肥 ; 减肥 ; jiǎnféi ; HSK4,perdir pesa
減少 ; 减少 ; jiǎnshǎo ; HSK4,reducter; diminuer
建議 ; 建议 ; jiànyì ; HSK4,proposir; suggester; recomandar
將來 ; 将来 ; jiānglái ; HSK4,li futur
獎金 ; 奖金 ; jiǎngjīn ; HSK4,bonus
降低 ; 降低 ; jiàngdī ; HSK4,reducter; abassar
降落 ; 降落 ; jiàngluò ; HSK4,descender; aterrar
交 ; 交 ; jiāo ; HSK4,delivrar; intersecter; payar; amicitá
交流 ; 交流 ; jiāoliú ; HSK4,comuniicar; exchangear; dar e reciver; interaction; alternar
交通 ; 交通 ; jiāotōng ; HSK4,trafic; transportation
郊區 ; 郊区 ; jiāoqū ; HSK4,suburbe; periferie
驕傲 ; 骄傲 ; jiāo'ào ; HSK4,orgolliosi; superb; vanitosi
餃子 ; 饺子 ; jiǎozi ; HSK4,gyoza
教授 ; 教授 ; jiàoshòu ; HSK4,professor; instructer; far un discurse
教育 ; 教育 ; jiàoyù ; HSK4,education
接受 ; 接受 ; jiēshòu ; HSK4,"accepter; receiver (un honor, etc.)"
接著 ; 接着 ; jiēzhe ; HSK4,continuar; capter; sequer
節 ; 节 ; jié ; HSK4,section; parte; festa; integritá moral; (contator por periodes scolari)
節約 ; 节约 ; jiéyuē ; HSK4,frugal; sparniar
結果 ; 结果 ; jiéguǒ ; HSK4,resulte; in fine
解釋 ; 解释 ; jiěshì ; HSK4,explicar
盡管 ; 尽管 ; jǐnguǎn ; HSK4,benque; malgré | líbermen; sin hesitation
緊張 ; 紧张 ; jǐnzhāng ; HSK4,nervosi; tension
進行 ; 进行 ; jìnxíng ; HSK4,continuar; interprender
禁止 ; 禁止 ; jìnzhǐ ; HSK4,bannir; prohibiter
京劇 ; 京剧 ; jīngjù ; HSK4,Opera de Beijing
經濟 ; 经济 ; jīngjì ; HSK4,economie; economic
經曆 ; 经历 ; jīnglì ; HSK4,interprender; experir
經驗 ; 经验 ; jīngyàn ; HSK4,experiencie
精彩 ; 精彩 ; jīngcǎi ; HSK4,brilliant; spectaculari
景色 ; 景色 ; jǐngsè ; HSK4,sceneríe; paisage; vista
警察 ; 警察 ; jǐngchá ; HSK4,policie
競爭 ; 竞争 ; jìngzhēng ; HSK4,competir
竟然 ; 竟然 ; jìngrán ; HSK4,contrari a expectationes; surprisantmen; mem
鏡子 ; 镜子 ; jìngzi ; HSK4,spegul
究竟 ; 究竟 ; jiūjìng ; HSK4,in fine; in veritá
舉 ; 举 ; jǔ ; HSK4,levar; citar
舉辦 ; 举办 ; jǔbàn ; HSK4,ducter; tener
舉行 ; 举行 ; jǔxíng ; HSK4,"convocar; haver un incontra, ceremonie, etc."
拒絕 ; 拒绝 ; jùjué ; HSK4,"refusar; declinar, rejecter"
距離 ; 距离 ; jùlí ; HSK4,distantie; esser apart; for
聚會 ; 聚会 ; jùhuì ; HSK4,incontrar; convocar; festar
開玩笑 ; 开玩笑 ; kāi wánxiào ; HSK4,jocar; mocar
開心 ; 开心 ; kāixīn ; HSK4,esser felici; juir; mocar alquem
看法 ; 看法 ; kànfǎ ; HSK4,vise-punctu; opinion
考慮 ; 考虑 ; kǎolǜ ; HSK4,"perpensar, considerar"
烤鴨 ; 烤鸭 ; kǎoyā ; HSK4,anate rostat
科學 ; 科学 ; kēxué ; HSK4,scientie; conossentie scientific
棵 ; 棵 ; kē ; HSK4,contator por plantes
咳嗽 ; 咳嗽 ; késou ; HSK4,tussar
可憐 ; 可怜 ; kělián ; HSK4,"trist, miserabil, patetic"
可是 ; 可是 ; kěshì ; HSK4,ma; támen
可惜 ; 可惜 ; kěxī ; HSK4,"ínfelicimen, regretabilmen"
客廳 ; 客厅 ; kètīng ; HSK4,salon
肯定 ; 肯定 ; kěndìng ; HSK4,cert; definit; aprobar
"空 ; 空 ; kōng, kòng ; HSK4",vacui; ciel | lassar vacui; ocie
空氣 ; 空气 ; kōngqì ; HSK4,aer
恐怕 ; 恐怕 ; kǒngpà ; HSK4,timer; yo time que…
苦 ; 苦 ; kǔ ; HSK4,amari; miserabil
礦泉水 ; 矿泉水 ; kuàngquánshuǐ ; HSK4,aqua mineral
困 ; 困 ; kùn ; HSK4,dormaci; circumdar; pressat
困難 ; 困难 ; kùnnan ; HSK4,desfacilitá; desfacil; problema
垃圾桶 ; 垃圾桶 ; lājītǒng ; HSK4,paper-corbe; corbe por jettallia
拉 ; 拉 ; lā ; HSK4,tirar; luder (un instrument musical cordat); trenar
辣 ; 辣 ; là ; HSK4,spiceat; picant
來不及 ; 来不及 ; lái bu jí ; HSK4,manca témpor (por far alquo); it es tro tard
來得及 ; 来得及 ; lái de jí ; HSK4,hay ancor témpor
來自 ; 来自 ; láizì ; HSK4,venir (de un loc)
懶 ; 懒 ; lǎn ; HSK4,pigri
浪費 ; 浪费 ; làngfèi ; HSK4,dissipar; prodigar
浪漫 ; 浪漫 ; làngmàn ; HSK4,romantic
老虎 ; 老虎 ; lǎohǔ ; HSK4,tigre
冷靜 ; 冷静 ; lěngjìng ; HSK4,calm; sobri
禮拜天 ; 礼拜天 ; lǐbàitiān ; HSK4,soledí; sábbat
禮貌 ; 礼貌 ; lǐmào ; HSK4,cortesíe; mores; politesse
理發 ; 理发 ; lǐfà ; HSK4,barbero; tonder li capilles
理解 ; 理解 ; lǐjiě ; HSK4,comprender
理想 ; 理想 ; lǐxiǎng ; HSK4,ideal
力氣 ; 力气 ; lìqi ; HSK4,fortie corporal; efortie
厲害 ; 厉害 ; lìhai ; HSK4,terribil; formidabil; feroci; cool; bonissim
例如 ; 例如 ; lìrú ; HSK4,por exemple
倆 ; 俩 ; liǎng ; HSK4,(lingue familiari) du (persones)
連 ; 连 ; lián ; HSK4,mem; includente; juntar
聯系 ; 联系 ; liánxì ; HSK4,integrar; ligament; conexion; contacter
涼快 ; 凉快 ; liángkuai ; HSK4,frisc e plesent
零錢 ; 零钱 ; língqián ; HSK4,monete; micri moné
另外 ; 另外 ; lìngwài ; HSK4,in un plu; in plu; ultra to
留 ; 留 ; liú ; HSK4,"lassar (alquem, un missage); restar"
流利 ; 流利 ; liúlì ; HSK4,fluent
流行 ; 流行 ; liúxíng ; HSK4,difuser se; prevalent; esser populari
旅行 ; 旅行 ; lǚxíng ; HSK4,viagear
律師 ; 律师 ; lǜshī ; HSK4,jurist; avocate
亂 ; 乱 ; luàn ; HSK4,desórdine; confusion; arbitrarimen
麻煩 ; 麻烦 ; máfan ; HSK4,trublar (alquem); trublant; vexant
馬虎 ; 马虎 ; mǎhu ; HSK4,ínatentiv; negligent
滿 ; 满 ; mǎn ; HSK4,plen; abreviation por manchurian
毛 ; 毛 ; máo ; HSK4,capilles; pelisse; plum; 10 centimes
毛巾 ; 毛巾 ; máojīn ; HSK4,manu-toale
美麗 ; 美丽 ; měilì ; HSK4,bell
夢 ; 梦 ; mèng ; HSK4,revar
迷路 ; 迷路 ; mílù ; HSK4,perdir li via
密碼 ; 密码 ; mìmǎ ; HSK4,passaparol; code secret
免費 ; 免费 ; miǎn fèi ; HSK4,gratuit; sin custa
秒 ; 秒 ; miǎo ; HSK4,seconde
民族 ; 民族 ; mínzú ; HSK4,nationalitá; gruppe etnic
母親 ; 母亲 ; mǔqin ; HSK4,matre
目的 ; 目的 ; mùdì ; HSK4,scope; intention
耐心 ; 耐心 ; nàixīn ; HSK4,esser patient
難道 ; 难道 ; nándào ; HSK4,posse it esser que ...?; ne di me ...
難受 ; 难受 ; nánshòu ; HSK4,sentir se mal; dolorar
內 ; 内 ; nèi ; HSK4,intern; interiori
內容 ; 内容 ; nèiróng ; HSK4,contenete; substantie; detallies
能力 ; 能力 ; nénglì ; HSK4,capabilitá; capabil; habilitá
年齡 ; 年龄 ; niánlíng ; HSK4,etá (de un person)
弄 ; 弄 ; nòng ; HSK4,far; gerer; tractar
暖和 ; 暖和 ; nuǎnhuo ; HSK4,plesentmen calid
偶爾 ; 偶尔 ; ǒu'ěr ; HSK4,ye vezes; quelcvez
排隊 ; 排队 ; pái duì ; HSK4,file; star in file
排列 ; 排列 ; páiliè ; HSK4,arangear; alinear; permutation
判斷 ; 判断 ; pànduàn ; HSK4,judicar; judicament; decider
陪 ; 陪 ; péi ; HSK4,acompaniar
批評 ; 批评 ; pīpíng ; HSK4,criticar
皮膚 ; 皮肤 ; pífū ; HSK4,pelle
脾氣 ; 脾气 ; píqi ; HSK4,temperament; disposition; humor
篇 ; 篇 ; piān ; HSK4,folie; (contator por articules); scrite
騙 ; 骗 ; piàn ; HSK4,fraudar; decepter
乒乓球 ; 乒乓球 ; pīngpāngqiú ; HSK4,ping pong
平時 ; 平时 ; píngshí ; HSK4,ordinarimen; in témpor de pace
破 ; 破 ; pò ; HSK4,ruptet; damageat; fender
葡萄 ; 葡萄 ; pútao ; HSK4,vinbere
普遍 ; 普遍 ; pǔbiàn ; HSK4,comun; universal; general
普通話 ; 普通话 ; pǔtōnghuà ; HSK4,lingue mandarin; lingue comun
其次 ; 其次 ; qícì ; HSK4,sequent; secundmen
其中 ; 其中 ; qízhōng ; HSK4,inter; in; includet inter tis-ci
氣候 ; 气候 ; qìhòu ; HSK4,clima; atmosfere; tempe
千萬 ; 千万 ; qiānwàn ; HSK4,ten million; far ínfallibilmen; dever
簽證 ; 签证 ; qiānzhèng ; HSK4,visa (por intrar un land)
敲 ; 敲 ; qiāo ; HSK4,frappar; chantage
橋 ; 桥 ; qiáo ; HSK4,ponte
巧克力 ; 巧克力 ; qiǎokèlì ; HSK4,chocolate
親戚 ; 亲戚 ; qīnqi ; HSK4,parente (familial)
輕 ; 轻 ; qīng ; HSK4,levi; facil; mild; moll
輕松 ; 轻松 ; qīngsōng ; HSK4,relaxat; mild; detendet
情況 ; 情况 ; qíngkuàng ; HSK4,circumstantie; situation
窮 ; 穷 ; qióng ; HSK4,povri; exhaustet
區別 ; 区别 ; qūbié ; HSK4,diferentie; distinter
取 ; 取 ; qǔ ; HSK4,prender; selecter
全部 ; 全部 ; quánbù ; HSK4,tot; complet
缺點 ; 缺点 ; quēdiǎn ; HSK4,debilitá; defecte
缺少 ; 缺少 ; quēshǎo ; HSK4,mancar
卻 ; 却 ; què ; HSK4,ta; támen
確實 ; 确实 ; quèshí ; HSK4,adver; in veritá; fidibil
然而 ; 然而 ; rán'ér ; HSK4,támen; ancor; ma
熱鬧 ; 热闹 ; rènao ; HSK4,activ; vivaci; ocupat
任何 ; 任何 ; rènhé ; HSK4,qualcunc; quelcunc
任務 ; 任务 ; rènwu ; HSK4,un mission; un tache
扔 ; 扔 ; rēng ; HSK4,jettar; forjettar
仍然 ; 仍然 ; réngrán ; HSK4,ancor
日記 ; 日记 ; rìjì ; HSK4,diarium
入口 ; 入口 ; rùkǒu ; HSK4,intrada
散步 ; 散步 ; sàn bù ; HSK4,promenar
森林 ; 森林 ; sēnlín ; HSK4,forest
沙發 ; 沙发 ; shāfā ; HSK4,sofa
傷心 ; 伤心 ; shāngxīn ; HSK4,trist; chagrinar; grivar
商量 ; 商量 ; shāngliang ; HSK4,consultar; discusser
稍微 ; 稍微 ; shāowēi ; HSK4,un poc
勺子 ; 勺子 ; sháozi ; HSK4,coclare; coclaron
社會 ; 社会 ; shèhuì ; HSK4,societá
申請 ; 申请 ; shēnqǐng ; HSK4,far un aplication
深 ; 深 ; shēn ; HSK4,profund; obscur (color)
甚至 ; 甚至 ; shènzhì ; HSK4,mem (til un extremitá)
生活 ; 生活 ; shēnghuó ; HSK4,vive; subsistentie; viver
生命 ; 生命 ; shēngmìng ; HSK4,vive
生意 ; 生意 ; shēngyi ; HSK4,aferes; comercie
省 ; 省 ; shěng ; HSK4,sparniar; economisar; omisser; provincie
剩 ; 剩 ; shèng ; HSK4,haver lu restant; restar; excedentie
失敗 ; 失败 ; shībài ; HSK4,esser defetat; fallir; perdir
失望 ; 失望 ; shīwàng ; HSK4,deceptet; perdir esperantie
師傅 ; 师傅 ; shīfu ; HSK4,mastro; laborator qualificat; docente
十分 ; 十分 ; shífēn ; HSK4,tre; plenmen; 100%
實際 ; 实际 ; shíjì ; HSK4,ver; real
實在 ; 实在 ; shízài ; HSK4,honest; in realitá; honestmen; adver; certmen
使 ; 使 ; shǐ ; HSK4,usar; crear; causar; inviate; missagero
使用 ; 使用 ; shǐyòng ; HSK4,usar; aplicar; administrar; manipular
世紀 ; 世纪 ; shìjì ; HSK4,secul
是否 ; 是否 ; shìfǒu ; HSK4,ca; si
適合 ; 适合 ; shìhé ; HSK4,convener; decer
適應 ; 适应 ; shìyìng ; HSK4,adaptar; far convener; aplicar
收 ; 收 ; shōu ; HSK4,reciver; acceptar; colecter; recoltar
收入 ; 收入 ; shōurù ; HSK4,aquisir; revenú
收拾 ; 收拾 ; shōushi ; HSK4,nettar; far in bon órdine; reparar; saldar; punir
首都 ; 首都 ; shǒudū ; HSK4,capitale; cité capital
首先 ; 首先 ; shǒuxiān ; HSK4,in prim; ante omno
受不了 ; 受不了 ; shòu bu liǎo ; HSK4,ne posser tolerar; ínsuportabil (suffrentie); odiar
受到 ; 受到 ; shòudào ; HSK4,"reciver (influentie, restriction, etc.)"
售貨員 ; 售货员 ; shòuhuòyuán ; HSK4,employate de bútica; venditor
輸 ; 输 ; shū ; HSK4,"transportar; perdir (un lude, etc.)"
熟悉 ; 熟悉 ; shúxī ; HSK4,familiari; conossentar se con
數量 ; 数量 ; shùliàng ; HSK4,quantitá; númere
數字 ; 数字 ; shùzì ; HSK4,numeró; ciffre
帥 ; 帅 ; shuài ; HSK4,bell (por mannes); gracil; chef comandator
順便 ; 顺便 ; shùnbiàn ; HSK4,comodmen; passante; durant que on fa un altri cose
順利 ; 顺利 ; shùnlì ; HSK4,sin impedimentes; successosi
順序 ; 顺序 ; shùnxù ; HSK4,sequentie; órdine
說明 ; 说明 ; shuōmíng ; HSK4,explicar; explication; ilustrar; monstrar
碩士 ; 硕士 ; shuòshì ; HSK4,gradu de mastro (M.A.)
死 ; 死 ; sǐ ; HSK4,morir; mort; fixat ínpassabil; extremmen
速度 ; 速度 ; sùdù ; HSK4,rapiditá; velocitá
塑料袋 ; 塑料袋 ; sùliàodài ; HSK4,sac plastic
酸 ; 酸 ; suān ; HSK4,acerb; dolorosi; dolore
隨便 ; 随便 ; suíbiàn ; HSK4,quam on vole; ínformal; a hasarde; casual
隨著 ; 随着 ; suízhe ; HSK4,junt con
孫子 ; 孙子 ; sūnzi ; HSK4,nepote
所有 ; 所有 ; suǒyǒu ; HSK4,omno; haver; possesser
"台, 臺 ; 台 ; tái ; HSK4",platform; Taiwan (abr.); scri-table; scene; tifon; (contator por lettres)
擡 ; 抬 ; tái ; HSK4,levar; levar (con palmes vers infra); portar (junt)
態度 ; 态度 ; tàidu ; HSK4,maniere; atitude; statura
談 ; 谈 ; tán ; HSK4,parlar; babillar; discusser
彈鋼琴 ; 弹钢琴 ; tán gāngqín ; HSK4,luder piano
湯 ; 汤 ; tāng ; HSK4,sup; bullion
糖 ; 糖 ; táng ; HSK4,sucre; sucre candit; bonbon
躺 ; 躺 ; tǎng ; HSK4,reclinar; jacer (ye li dorse o látere)
"趟 ; 趟 ; tàng, tāng ; HSK4",(contator por viages) | marchar in aqua
討論 ; 讨论 ; tǎolùn ; HSK4,discusser; discussion
討厭 ; 讨厌 ; tǎoyàn ; HSK4,odiar; abominar; repegnant
特點 ; 特点 ; tèdiǎn ; HSK4,un caracteristica; trate
提 ; 提 ; tí ; HSK4,portar; levar; posir (un subjecte a discusser)
提供 ; 提供 ; tígōng ; HSK4,furnir; provider
提前 ; 提前 ; tíqián ; HSK4,atostar un date; avansar
提醒 ; 提醒 ; tíxǐng ; HSK4,far memorar; far atenter; advertir
填空 ; 填空 ; tiánkòng ; HSK4,plenar un spacie
條件 ; 条件 ; tiáojiàn ; HSK4,condition; circumstanties; precondition
停 ; 停 ; tíng ; HSK4,haltar; parcar (un auto)
挺 ; 挺 ; tǐng ; HSK4,rectificar se; esser prominent; plutost (bon); tre
通過 ; 通过 ; tōngguò ; HSK4,tra; trapassar
通知 ; 通知 ; tōngzhī ; HSK4,notificar; informar; noticie
同情 ; 同情 ; tóngqíng ; HSK4,compassion; simpatie
同時 ; 同时 ; tóngshí ; HSK4,simultanmen
推 ; 推 ; tuī ; HSK4,pussar; scrappar; refusar; ajornar; electer
推遲 ; 推迟 ; tuīchí ; HSK4,jornar; procrastinar
脫 ; 脱 ; tuō ; HSK4,"forjettar (pelle, cortice, etc.); desmetter; escapar"
襪子 ; 袜子 ; wàzi ; HSK4,strumpettes; strumpe
完全 ; 完全 ; wánquán ; HSK4,complet; tot; totalitá
網球 ; 网球 ; wǎngqiú ; HSK4,ténnis; balle de ténnis
網站 ; 网站 ; wǎngzhàn ; HSK4,situ web
往往 ; 往往 ; wǎngwǎng ; HSK4,sovente; frequentmen; plutost frequent
危險 ; 危险 ; wēixiǎn ; HSK4,dangere; dangerosi; riscosi
衛生間 ; 卫生间 ; wèishēngjiān ; HSK4,toilette; wc
味道 ; 味道 ; wèidao ; HSK4,guste; sapore
溫度 ; 温度 ; wēndù ; HSK4,temperatura
文章 ; 文章 ; wénzhāng ; HSK4,articul; composition
汙染 ; 污染 ; wūrǎn ; HSK4,pollution; contamination
無 ; 无 ; wú ; HSK4,ne haver; sin; ne
無聊 ; 无聊 ; wúliáo ; HSK4,nonsense; enoyat; foll; stupid
無論 ; 无论 ; wúlùn ; HSK4,sin egard a…
誤會 ; 误会 ; wùhuì ; HSK4,miscomprender; erra
西紅柿 ; 西红柿 ; xīhóngshì ; HSK4,tomate
吸引 ; 吸引 ; xīyǐn ; HSK4,"atraer (interest, investiment, etc.)"
鹹 ; 咸 ; xián ; HSK4,salat; salosi; tot
現金 ; 现金 ; xiànjīn ; HSK4,cash
羨慕 ; 羡慕 ; xiànmù ; HSK4,invidiar; admirar
相反 ; 相反 ; xiāngfǎn ; HSK4,contrari; oposit
相同 ; 相同 ; xiāngtóng ; HSK4,identic; sam
香 ; 香 ; xiāng ; HSK4,aromatic; saporosi
詳細 ; 详细 ; xiángxì ; HSK4,detalliat; detalliatmen
響 ; 响 ; xiǎng ; HSK4,sonar; ecoar; tintinar
橡皮 ; 橡皮 ; xiàngpí ; HSK4,cautchuc; gumme (por efaciar)
消息 ; 消息 ; xiāoxi ; HSK4,novas; information
小吃 ; 小吃 ; xiǎochī ; HSK4,repastete; intermanja; refriscament
小夥子 ; 小伙子 ; xiǎohuǒzi ; HSK4,yuno
小說 ; 小说 ; xiǎoshuō ; HSK4,roman; fiction
笑話 ; 笑话 ; xiàohua ; HSK4,joca; rider pri
效果 ; 效果 ; xiàoguǒ ; HSK4,efecte; resultate
心情 ; 心情 ; xīnqíng ; HSK4,humor; statu mental
辛苦 ; 辛苦 ; xīnkǔ ; HSK4,dur; exhaustent; laboriosi
信封 ; 信封 ; xìnfēng ; HSK4,coverte; invelope
信息 ; 信息 ; xìnxī ; HSK4,information; novas; missage
信心 ; 信心 ; xìnxīn ; HSK4,confidentie; fide (in alquem/alquo)
興奮 ; 兴奋 ; xīngfèn ; HSK4,excitation; excitar se
行 ; 行 ; xíng ; HSK4,marchar; esser current; far; va far; oké
醒 ; 醒 ; xǐng ; HSK4,aviligar se
幸福 ; 幸福 ; xìngfú ; HSK4,felici; beat; fortunat
性別 ; 性别 ; xìngbié ; HSK4,génere; sexu; distintion sexual
性格 ; 性格 ; xìnggé ; HSK4,natura; personalitá; temperament
修理 ; 修理 ; xiūlǐ ; HSK4,reparar; mantener; examinar e reparar
許多 ; 许多 ; xǔduō ; HSK4,mult; mani
學期 ; 学期 ; xuéqī ; HSK4,semestre scolari
壓力 ; 压力 ; yālì ; HSK4,pression; stress
呀 ; 呀 ; ya ; HSK4,"ah; oh; (usat vice 啊 por paroles finient in a, e, i, o, ü)"
牙膏 ; 牙膏 ; yágāo ; HSK4,dentifricte
亞洲 ; 亚洲 ; Yàzhōu ; HSK4,Asia
嚴格 ; 严格 ; yángé ; HSK4,strict; severi; angust
嚴重 ; 严重 ; yánzhòng ; HSK4,grav; seriosi
研究 ; 研究 ; yánjiū ; HSK4,studiar; reserchar
鹽 ; 盐 ; yán ; HSK4,sale
眼鏡 ; 眼镜 ; yǎnjìng ; HSK4,oculvitres
演出 ; 演出 ; yǎnchū ; HSK4,acter (in un teatre); performar; performantie
演員 ; 演员 ; yǎnyuán ; HSK4,actor(a)
陽光 ; 阳光 ; yángguāng ; HSK4,lúmine solari
養成 ; 养成 ; yǎngchéng ; HSK4,cultivar; aquisir; formar
樣子 ; 样子 ; yàngzi ; HSK4,maniere; aparentie
邀請 ; 邀请 ; yāoqǐng ; HSK4,invitar
要是 ; 要是 ; yàoshi ; HSK4,si; suposiente que
鑰匙 ; 钥匙 ; yàoshi ; HSK4,clave
也許 ; 也许 ; yěxǔ ; HSK4,fórsan; probabilmen
葉子 ; 叶子 ; yèzi ; HSK4,folies (de árbores)
頁 ; 页 ; yè ; HSK4,págine; folie
一切 ; 一切 ; yíqiè ; HSK4,omno; omnicos
以 ; 以 ; yǐ ; HSK4,usar; secun; por; per
以爲 ; 以为 ; yǐwéi ; HSK4,pensar (falsmen); considerar (que); creder
藝術 ; 艺术 ; yìshù ; HSK4,arte
意見 ; 意见 ; yìjiàn ; HSK4,opinion; vise; suggestion; plende
因此 ; 因此 ; yīncǐ ; HSK4,pro to; to es li rason por
引起 ; 引起 ; yǐnqǐ ; HSK4,causar; avigilar
印象 ; 印象 ; yìnxiàng ; HSK4,impression
贏 ; 赢 ; yíng ; HSK4,victer; profitar
應聘 ; 应聘 ; yìngpìn ; HSK4,acceptar un posto; candidatar se por un posto
永遠 ; 永远 ; yǒngyuǎn ; HSK4,por sempre; eternmen; sempre
勇敢 ; 勇敢 ; yǒnggǎn ; HSK4,brav; courageosi
優點 ; 优点 ; yōudiǎn ; HSK4,merite; bon punctu; fortie; beneficie
優秀 ; 优秀 ; yōuxiù ; HSK4,excellent
幽默 ; 幽默 ; yōumò ; HSK4,humorosi
尤其 ; 尤其 ; yóuqí ; HSK4,particularimen
由 ; 由 ; yóu ; HSK4,sequer; de; per
由于 ; 由于 ; yóuyú ; HSK4,pro; quam resultate de; mersí a
郵局 ; 邮局 ; yóujú ; HSK4,oficie de posta
友好 ; 友好 ; yǒuhǎo ; HSK4,amical (relationes); bon amicos
友誼 ; 友谊 ; yǒuyì ; HSK4,amicitá; confrateríe
有趣 ; 有趣 ; yǒuqù ; HSK4,interessant; fascinant; amusant
于是 ; 于是 ; yúshì ; HSK4,pro to; ergo; dunc
愉快 ; 愉快 ; yúkuài ; HSK4,felici; alegri
與 ; 与 ; yǔ ; HSK4,(formal) e; dar; junt con; participar; particul final por expresser dúbite o surprise
羽毛球 ; 羽毛球 ; yǔmáoqiú ; HSK4,badminton
語法 ; 语法 ; yǔfǎ ; HSK4,grammatica
語言 ; 语言 ; yǔyán ; HSK4,lingue
預習 ; 预习 ; yùxí ; HSK4,(por studantes) preparar se ante classe; previder contenete
原來 ; 原来 ; yuánlái ; HSK4,original; anteyan; it sembla que
原諒 ; 原谅 ; yuánliàng ; HSK4,excusar; pardonar
原因 ; 原因 ; yuányīn ; HSK4,cause; rason
約會 ; 约会 ; yuēhuì ; HSK4,appointment; engagement; date
閱讀 ; 阅读 ; yuèdú ; HSK4,leer; letura
"雲, 云 ; 云 ; yún ; HSK4",nube; provincie Yunnan | parlar
允許 ; 允许 ; yǔnxǔ ; HSK4,permisser
雜志 ; 杂志 ; zázhì ; HSK4,gazette; revúe
咱們 ; 咱们 ; zánmen ; HSK4,noi (includente li audiente); noi; nor
暫時 ; 暂时 ; zànshí ; HSK4,temporari; transitori; por li moment
髒 ; 脏 ; zāng ; HSK4,sordid; ínpur
責任 ; 责任 ; zérèn ; HSK4,responsibilitá; blama; deventie
增加 ; 增加 ; zēngjiā ; HSK4,acrescer; addir
占線 ; 占线 ; zhànxiàn ; HSK4,li linea (de telefon) es ocupat
招聘 ; 招聘 ; zhāopìn ; HSK4,recrutation; acceptar candidaturas por un posto
照 ; 照 ; zhào ; HSK4,iluminar; brilliar; secun
真正 ; 真正 ; zhēnzhèng ; HSK4,genuin; real; ver
整理 ; 整理 ; zhěnglǐ ; HSK4,órdinar; arangear; far rect; nettar; paccar li bagage
正常 ; 正常 ; zhèngcháng ; HSK4,normal; regulari; ordinari
正好 ; 正好 ; zhènghǎo ; HSK4,just (in bon témpor); exact quantitá; per hasarde
正確 ; 正确 ; zhèngquè ; HSK4,corect; just
正式 ; 正式 ; zhèngshì ; HSK4,formal; oficial
證明 ; 证明 ; zhèngmíng ; HSK4,pruva; testimoniar; confirmar; ateste
之 ; 之 ; zhī ; HSK4,(forme litterari de 的); (pronómine); de
支持 ; 支持 ; zhīchí ; HSK4,subtener; persister; | apoyar
知識 ; 知识 ; zhīshi ; HSK4,conossentie; intelectual
直接 ; 直接 ; zhíjiē ; HSK4,direct; ínmediat
值得 ; 值得 ; zhíde ; HSK4,valer; meriter
職業 ; 职业 ; zhíyè ; HSK4,profession; ocupation
植物 ; 植物 ; zhíwù ; HSK4,plante; botanic; vegetation
只好 ; 只好 ; zhǐhǎo ; HSK4,dever; esser fortiat
只要 ; 只要 ; zhǐyào ; HSK4,si … es tal; si solmen; sub li condition de
指 ; 指 ; zhǐ ; HSK4,fingre; indicar; referer a
至少 ; 至少 ; zhìshǎo ; HSK4,adminim
質量 ; 质量 ; zhìliàng ; HSK4,qualitá; masse (fisica)
重 ; 重 ; zhòng ; HSK4,pesant; seriosi; important
重點 ; 重点 ; zhòngdiǎn ; HSK4,emfase; punctu principal
重視 ; 重视 ; zhòngshì ; HSK4,apreciar; prender con seriositá
周圍 ; 周围 ; zhōuwéi ; HSK4,vicinité; ambiente
主意 ; 主意 ; zhǔyi ; HSK4,plan; idé; decision
祝賀 ; 祝贺 ; zhùhè ; HSK4,conglatular
著名 ; 著名 ; zhùmíng ; HSK4,famosi; conosset
專門 ; 专门 ; zhuānmén ; HSK4,specialisat
專業 ; 专业 ; zhuānyè ; HSK4,profession; specialisat camp de studie; specialisation universitari
"轉 ; 转 ; zhuǎn, zhuàn ; HSK4",tornar; changear; transferer | revolvar; rotar
賺 ; 赚 ; zhuàn ; HSK4,ganiar; profitar
准確 ; 准确 ; zhǔnquè ; HSK4,acurat; precis
准時 ; 准时 ; zhǔnshí ; HSK4,punctualmen; in bon témpor
仔細 ; 仔细 ; zǐxì ; HSK4,cuidosi; atentiv
自然 ; 自然 ; zìrán ; HSK4,natura; natural
自信 ; 自信 ; zìxìn ; HSK4,self-confidentie
總結 ; 总结 ; zǒngjié ; HSK4,resumar; concluder
租 ; 租 ; zū ; HSK4,luar
最好 ; 最好 ; zuìhǎo ; HSK4,max bon; on mey ...; it vell esser bon…
尊重 ; 尊重 ; zūnzhòng ; HSK4,estime; respectar; valorar; honorar
左右 ; 左右 ; zuǒyòu ; HSK4,circa; aproximat | levul e dextri
作家 ; 作家 ; zuòjiā ; HSK4,autor; scritor
作用 ; 作用 ; zuòyòng ; HSK4,action; activitá; efecte
作者 ; 作者 ; zuòzhě ; HSK4,autor; scritor
座 ; 座 ; zuò ; HSK4,"(contator por montes, pontes, alt edificies, etc.); | sede; base; constellation"
座位 ; 座位 ; zuòwèi ; HSK4,sede; loc