Esperanto,Occidental
al,"a, ad"
forlasi,abandonar
malaltigi,abassar
"abat/o,-ino","abat,-essa"
feligi,abatter
abdiki,abdicar
abdomeno,abdómine
Abderano,abderitano
abio,abiete
abismo,abiss
"malnobla, fia",abject
abol/ici/i,abolir
abomeni,abominar
"abon/i,-o","abonn/ar,-ament"
aborigeno,aborigen
"abort/i,-o","abort/er,-ion"
boji,aboyar
abrikoto,abricot
abrupta,abrupt
absceso,abscess
"forest/anta,-/ad/o","absent,-ie"
absolvi,absoluer
absoluta,absolut
"absorb/i,-/ad/o","absorpt/er,-ion"
"abstin/i,-eco","abstin/er,-entie"
"abstrakt/i,-a","abstra/er,-ct"
"absurd/a,-/ec/o","absurd,-itá"
"abund/i,-/ec/o","abund/ar,-antie"
akacio,acacie
akapari,acaparar
akceli,accelerar
/ek/lumigi,accender
"akcent/o,-i","accentu,-ar"
"akcept/i,-ebla","accept/ar,-abil"
"alir/o,-ebla","access,-ibil"
"akcesor/a,-aĵo","accessori,-e"
okazi,accider
akcidento,accidente
acerba,acerb
acero,acere
vinagro,acete
"aklam/i,-/ad/o","aclam/ar,-ation"
"acid/a,-o","acid,-e"
akomodi,acomodar
"akompan/i,-o","acompani/ar,-ament"
"akord/o,-i","acord,-ar"
akra,acri
"ag/o,-i,-ado","act,-er,-ion"
"akci/o,-ano,/-ulo/","action,-ario"
"aktiv/a,-eco","activ,-itá"
aktoro,actor
aktuala,actual
akuŝi,acuchar
"akumul/i,-o","acumul/ar,-ation"
"akurat/a,-eco","acurat,-esse"
"akuz/i,-o","acus/ar,-ation"
akuta,acut
"adapt/i,-o","adapt/ar,-ation"
adicii,addir
adekvata,adequat
adheri,adherer
"adiaŭ,-i","adí/o,-ar"
"apudkuŝi, najbari",adjacer
"aligi, almeti",adjunter
ĵurpeti,adjurar
ĵustigi,adjustar
"administr/i,-isto","administr/ar,-ator"
administracio,administration
"admir/i,-ebla","admir/ar,-abil"
"allas/i,-ebla","admiss/er,-ibil"
admoni,admonir
"adolesk/i,-anteco","adolesc/er,-entie"
"adopt/i,-o","adopt/er,-ion"
"ador/i,-o","ador/ar,-ation"
aldone,adplu
nome; tio estas,a/d/ saver
"flat/i,-ulo","adul/ar,-ator"
"adolta, plenkreska",adult
adulti,adulterar
cetere,advere
adverbo,adverbie
"kontraŭ/a,-ulo","advers/i,-ario"
"avert/i,-o","advert/ir,-iment"
"aer/o,-umi","aer/e,-ar"
"afabl/a,-eco","afabil,-ita"
malsati,afamar
"afekt/i,-o","afect/ar,-ation"
"afekci/i,-o","afect/er,-ion"
afero,afere
afiŝo,afiche
"afin/a,-eco","afin/i,-itá"
jesi,afirmar
"aflikt/i,-o","aflict/er,-ion"
agi,ager
agema,agil
"agit/i,-ado","agit/ar,-ation"
"ŝaf/o,-ido","agn/e,-ello"
agro,agre
agrabla,agreabil
"agres/i,-iva","agress/er,-iv"
kudrilo; nadlo,agullie
kaŭriĝi,ahocar se
prokrasti,ajornar
"mamnutri, mamigi",alactar
"alarm/o,-i","alarm/e,-ar"
alaьdo,alaude
gastejo,albergo
alko,alco
ie,alcú
iu,alcun
alo; flugilo,ale
apelacii,alegar
alegra,alegri
vigla,alert
/pli/faciligi,aleviar
ajlo,alie
alieni,alienar
nutri,alimentar
aleo,allé
kunigi,alliar
alianco,alliantie
almozo,almosne
almenaŭ,almen
alno,alne
laŭlonge,along
ia,alqual
iel,alcuam
iam,alquande
kelkaj,alquant
iu,alquel
ies,alquem
iu,alqui
io,alquo
"alt/a,-eco","alt,-ore"
alterni,alternar
ŝanĝi,alterar
"ali/a,-e","altri/,-men"
aludi,aluder
aluno,alun
hejmigi,amansar
"am/i,-o","am/ar,-ore"
amara,amari
ambasado,ambassade
ambaŭ,ambi
"ambici/o,-a","ambici/e,-osi"
"ambigu/a,-eco","ambigui,-itá"
"amik/o,-a,-eco","amic/o,-al,-itá"
amelo,amidon
ampleksa,ampli
"amuz/i,-o","amus/ar,-ament"
analfabeto,analfabete
anaso,anate
ankaŭ,anc
"malnova, longe pasinta",ancian
ankoraŭ,ancor
ankro,ancre
ringo,anelle
anĝelo,angel
angilo,anguill
angulo,ángul
aneksi,anexer
animo,ánim
"animal/o,-a","animal/e,-ic"
"jar/o,-a","annu,-al"
anso,anse
antaŭ,ante
anteno,antenne
antaŭa,anteriori
antaŭe,antey
"kontraŭ-, anti-",anti-
antikva,antiqui
antro,antre
"anonc/i,-o","anunci/ar,-e"
anuso,anus
"angor/o,-a","anxi/etá,-osi"
ŝajni,aparer
aperi,aparir
aparta,apart
aparteni,apartener
"abel/o,-ujo,-ejo","ap/e,-iere,-iera"
apenaŭ,apen
"apert/a,-i","apert,-er"
ĉifi,aplastar
apliki,aplicar
aplaŭdi,aplauder
aplombo,aplombe
"apog/o,-i","apoy,-ar"
aprezi,apreciar
lerni,aprender
apreti,apretar
aprobi,aprobar
interalie,a propó
taьga,apt
apud,apu
"akv/o,-umi","aqu/a,-ar"
brando,aquavite
aglo,áquil
akiri,aquisiter
araneo,arané
aranĝi,arangear
"arbitr/anto,-acio","arbitr/o,-age"
"arbitr/a,-/ec/o","~ari,-ie"
arbo,árbor
arbusto,arbuste
"ark/o,-ado","arc,-ade"
insularo,archipelag
"ard/i,-o","ard/er,-ore"
ardezo,ardese
areo,area
arĝento,argente
argumenti,arguer=argumentar
arida,arid
alveni,arivar
arlekeno,arlekin
"arm/i,-ilo","arm/ar,-e"
armeo,armé
armisticio,armisticie
akvumi,arosear
"art/o,-isto","art/e,-ist"
arterio,arterie
artikolo,articul
"meti/o,-isto","artis/e,-an"
ascendi,ascender
azeno,ásino
aspargo,asparge
"aspekt/o,-i","aspect/e,-er"
aspergi,asperser
aspiri,aspirar
aspra,aspri
aso,ass
ataki,assaltar
"murd/i,-o","assassin/ar,-ation"
"asekur/i ,-o","assecur/ar ,-antie"
sieĝi,assediar
asembleo,assemblé
"konsent/i,-o","assent/ir,-iment"
"asert/i,-o","assert/er,-ion"
senlaca,assidui
"asign/i,-o","assign/ar,-ation"
"asimil/i,-ado","assimil/ar,-ation"
"asist/i,-anto","assist/er,-ente"
specigi,assortir
"mireg/i,-o","aston/ar,-ament"
akcipitro,astor
"astr/o,-a","astr/e,-al"
"ruz/a,-o,-ulo","astut,-ie,-o"
"atak/o,-i","atacc/a,-ar"
alkroĉi,atachar
praulo,atavo
jungi,atelar
ateliero,ateliere
atendi,atender
"atenc/i,-o","atent/ar,-ate"
"atent/i,-o","atent/er,-ion"
atingi,atinger
"altir/i,-a","atra/er,-/c/tiv"
"atribu/i,-to","atribu/er,-t"
"abomena, naŭza",atroci
svenigi,aturdir
aŭ!,au!
"aŭkci/o,-i","auction,-ar"
"aŭdac/o,-i","audaci/e,-ar"
"aŭd/i,-anto","aud/ir,-itor"
"augur/isto,-ar","augur,-ar"
"or/o,-a","aur/e,-in"
orum/aĵ/o,auripelle
aŭroro,aurora
rigora,austeri
aŭtent/ik/a,autentic
aŭtuno,autun
"help/i,-a,-o","auxili/ar,-ari,-e"
antaŭ,avan (loc)
"avanc/i,-/ad/o","avans/ar,-e"
"avantaĝ/o,-a","aventage,-osi"
antaŭtuko,avantale
"avar/a,-ulo","avar/i,-on"
"avel/o,-ujo","avelan/e,-iero"
aveno,aven
aventuro,aventura
averso,averse
avida,avid
birdo,avie
"avi/adi ,-adisto,-o","avi/ar,-ator,-on"
veki,avigilar
avizo,avise
"av/o,-in.o","av/o,-a"
"advokat/o,-eco","a/d/vocat/e,-ie"
akso,axe
akselo,axille
lazuro,szur
bagaĝo,bagage
balo,bal
"pes/i,-ilo","balenci/ar,-e"
"balanc/i,-ilo","balans/ar,-uore"
"bala/i,-ilo","baly/ar,-e"
"balbut/i,-ado","balbuti/ar,-ada"
baleno,balen
pilko,balle
"ban/o,-i","balne,-ar"
balustrado,balustrade
"banal/a ,-/ec/o","banal,-itá"
benko,banca
bendo,band
"bandaĝ/i,-o","band/ar,-age"
standardo,baniere
"elpel/i,-o","bann/ir,-iment"
banko,bank
"banked/o,-i","banquett,-ar"
"bapt/o,-i","baptis/a,-ar"
barbo,barbe
plaŭdvadi,barbotar
"barel/o,-isto","baril,-ero"
bariero,barre
basalto,basalt
"baz/o,-a","bas/e,-ic"
"basa, malalta",bass
melhundo,bassete
baseno,bassin
basto,bast
sufiĉas! sufiĉe!,basta!
"strik/o,-i","bastament,-ar"
bastiono,bastion
bastono,baston
"bat/o,-i","batt/e,-er"
"bav/i,-o","bav/e,-ar"
bajoneto,bayonett
beate,beat
bebo,bebé
"bek/o,-i","bec,-ar"
skolopo,becasse
bedo,bed
bleki,belar
bela,bell
beladono,belladonna
belvedero,belvedere
bono,bene
"ben/i,-o","bened/ir,-ition"
bonvole,benevolent
kvankam,benque
baldaŭ,bentost
bero,bere
frambo,* brambere
ribo,* crusbere
frago,* frasbere
groso,* spin-crusbere
"kis/o,-i","bes/a,-ar"
"bezon/o,-i","beson,-ar"
"besti/o,-a","besti/e,-al"
beto,bete
betulo,bétul
biblio,bible
galo,bilie
bileto,billet
"bier/o,-farejo","bir,-ería"
biskvito,biscuit
"bivak/o,-i","bivac,-ar"
blagi,blagar
mallaŭdi,blamar
blanka,blanc
rozbero,blancospine
malakrigi,blasar
blasfemi,blasfemar
blato,blatte
blino,blin
"blok/o,-i","bloc,-ar"
blua,blu
bluzo,bluse
buŝo,bocca
boli,bollir
bona,bon
vartistino,bonna
bordo,borde
burĝo,borgeso
burso,borse
bosko,bosco
"faraĉi, fuŝi",bosillar
ĝibo,bosse
boato,bote
bruto,bove
bubo,boy
buo,boye
fuŝprodukto,brac
"ŝtelĉas/i,-isto","bracon/ar,-ero"
frambo,brambere
brano,brane
branĉo,branche
"branĥo, branko",branchie
svingi,brandisser
brando,brandy
ardo,brase
brako,brasse
braceleto,brasselett
brava,brav
bravuro,bravura
breĉo,breche
mallonga,brevi
brido,bride
brili,brilliar
briko,brique
blovete,brise
broĉo,broche
brodi,brodar
bruboli,brodular
bronko,bronchie
puto,bronne
"broŝ/o,-i","bross,-ar"
brovo,brove
brui,bruir
bruli,brular
bruna,brun
bruska,brusqui
brut/o;-ala,brut/e;-al
brutte,brutto
virkapro,buc
buĉi,buchar
buklo,bucle
nubmieni,budar
bufono,buffon
bulo,bul
/okul/bulbo,bulbe
bulteno,bulletin
burdo,burdon
burĝono,burgeon
burleska,burlesc
buroo,buró
borso,bursa
busto,buste
butiko,butica
butono,buton
butero,buttre
kesto,bux
ĉu,ca
kabano,cabane
"kajuto, ĉambreto",cabine
kablo,cable
baŭmi,cabrar
kadavro,cadavre
fali,cader
kajero,caderne
kadro,cadre
kaduka,caduc
kaĝo,cage
krabro,calabron
"ludrimo, vortludo",calambure
kalamo,cálame
plago,calamitá
kalkano,calcan
kalko,calce
"kalkul/o,-i","calcul,-ar"
vaporkaldrono,caldiere
kaldrono,caldron
"varm/i ,-a,-o","cal/er,-id,-ore"
"hejt/i,-ado","calent/ar,-ation"
kalo,calle
kalma,calm
kalorio,calorie
kalsono,calson
"kalumni/i,-o","calumni/ar,-e"
"kalv/a,-o","calv/i,-e"
kamarado,camarado
kambio,cambio
kamelo,camel
kamero,cámera
kameno,camin/e/
ĉemizo,camise
"kamp/o,-aro,-i","camp,-ania,-ar"
kapanjo,campanie
kanabo,cánabe
"hund/o,-ido","can/e,-ello"
poŝtranĉilo,canif
kano,canne
kanelo,cannel
kanti,cantar
kantarelo,cantarell
kanzono,canzon
kapo,cap
"kapabl/a,-/ec/o","capabil,-itá"
kapacito,capacitá
kapelo,capella
jugo,capistrap
haro,capille
ĉefa; kapitalo,capital;-e
kapitelo,capitele
ĉapitro,capitul
kaporalo,caporale
kapoto,capote
kapono,cappon
ĉapo,cappe
kapro,capre
kapreolo,capreol
kaprico,capricie
kapsulo,capsul
kapti,capter
kara,car
karbo,carbon
karcero,carcere
kardelo,cardul
"fast/i,-o","carem/ar,-a"
"kares/i,-o","caress/ar,-e"
"karg/o,-i","carg/o,-ar"
"kariketur/i,-o","caric/ar,-ature"
"malhavi, sent1 mankon",carir
"karn/o,-ivora","carn/e,-ivori"
massacre,carnage
karnavalo,carnevale
karoto,carotte
karpo,carpe
"carpent/i,-isto","carpent/ar,-ero"
karpeno,carpino
"vetur/ilo,-i","carr/e,-ear"
ĉaro,~ette
kahelo,carrel
karto,carte
kasko,casco
akvofalo,cascade
fromaĝo,caseo
kazerno,caserne
nuligi,cassar
kaso,casse
kastelo,castell
kastoro,castor
kastri,castrar
kazo,casu
kato,cat
katarakto,cataracte
kateno,caten
vosto,caude
sabeliko,caul
florbrasiko,~iflor
brasikrapo,~irap
"kaŭz/o,-i","caus/e,-ar"
kaŭstika,caustic
singarda,caut
kaŭcio,caution
"kavalkad/i,-o","cavalc/ar,-ade"
ĉevalo,cavall
kavaliro,cavaliero
kaverno,caverne
"kav/o,-a","cav/a,-i"
kajo,caye
cepo,cebul
cedi,celar
kaŝi,celar
"celebr/i,-a","celebr/ar,-i"
"celul/o,-ozo","cellul,-ose"
"cenzur/i,-isto ,-o","cens/er,-or,-ura"
censo,censu
"cent,-o,-a","cent,-ene,-esim"
centifolio,~folie
centimetro,~imetre
"centr/o,-a","centr/e,-al"
centralo,centrale
cerealoj,cereales
"cerb/o,-a","cerebr/e,-al"
ĉerizo,cerese
ĉirkaŭigi,cernar
"cert/a,-eco","cert,-it'a"
"cerv/o,-ino","cerv/o,-a"
cervelaso,cervulade
ĉesi,cessar
cetera,ceteri
"ŝako, ŝakon!",chac
"ĉagren/o,-i","chagrir/e,-ar"
,chalumel -ŝalmo
ĉamo,chamuse
ĉambro,chambre
ŝanco,chance
ŝanceli,chancelar
ŝanĝo,change
bravulo,chap
ĉapelo,chapel
bonfarado,charit'a
ŝarĝo,charge
ĉarmo,charme
pordhoko,charnire
skarpo,charpe
ĉarpio,charpie
ĉarto,charta
ĉiu,chascun
"ĉas/i,-isto","chass/ar,-ero"
ĉasta,chast
ĉe,che
ĉefo,chef
kesto,chest
"cikan/o,-i","chican/e,-ar"
ĉifono,chifon
fumtubo,chimene
ĉirpi,chiripar
ŝoko,choc
ŝoseo,chosse
flustri,chuchotar
ĉi tie,ci
celtabulo,cible
cikatro,cicatre
cikorio,cicoré
"blind/a,-eco","ciec,-itá"
ĉielo,ciel
cilio,cil
verto,cime
cimo,cimice
cinamo,ciname
cindro,cindre
"zon/i,-o","cint/er,-ura"
cirkaŭ,circa
"rondo,/geom/ cirklo",circul
"ĉirkaŭ,-iri","circum,-ear"
cirkonstanco,~stantie
vakso,cire
cizilo,cisel
tratranĉi,ciser
tondilo,cisores
urbo,cité
civitano,cive
boji,claffar
klami,clamar
klapo,clapp
"klar/a,-igi","clar,-ificar"
klaso,classe
"klasik/a,-ulo","classic,-o"
lami,claudicar
"klavo, ŝlosilo; ĉano; kleo",clave
milda,clement
klifo,cliff
grimpi,climbar
"dekliv/o,-a","clin/e,-i"
klinko,clinc
tintegi,cliquettar
klabo,clob
horo,clocca=hora
"sonor/ilo,-igi","cloche,-ar"
najlo,clove
fermi,cluder
koboldo,cobold
"inkubo, terursonĝo",cochemare
"kuir/i,-ejo,-ist","cocin/ar,-ería/ero"
kulero,coclare
kodo,code
samideano,coidealist
koincidi,coincider
kolo,col
kunlabori,colaborar
kolumo,colare
"kolekt/i,-o","colect/er,-ion"
"koler/o,-i","coler/e,-ar"
"kolizi/i,-o","coli/der,-sion"
rikolti,colier
monteto,coline
dupunkto,colon
"kolon/o,-aro","colonn/e,-ade"
lignaĝa gluo,colle
"kolor/o,-i","color,-ar"
bato,colp
kolubro,colubre
kolombo,columbe
kunbatali,combatter
forbruligi,combuster
sendi,comendar
komenci,comensar
komerco,comercie
"estigi, fari",cometter
"komik/a,-ulo","comic,-o"
"komisi/i,-o",comiss/er -ion
komitato,comité
komo,comma
komizo,commí
komforta,comod
kompakta,compact
"kompan/o,-io","compan/e,-ie"
"kompar/i,-o","compar/ar,-ation"
komparativo,comparative
"kompat/i,-o","compat/ir,-iment"
samlandano,compatriot
"kompens/i,ado","compens/ar,-ation"
"konkur/i,-ado","compet/ir,-ition"
"komplet/igi,-a","comple/er,-t"
komplemento,* -ment
komplezi,compleser
"komplik/i,-a","complic/ar,-st"
komploto,complot
"kompon/i,-aĵo","compos/ir,-ition"
komposti,composter
aceti,comprar
"kompren/i,-ebla","compren/der,-sibil"
kcmpromiti,comprometter
"kompromis/o,-i","compromiss,-er"
"komput/i,-oro","comput/ar,-ator"
grafo,comto
"komun/a,-umo","comun,-e"
"komunik/i,-aĵo","comunic/ar,-ation"
komunio,comunion
"komut/i ,-ilo","comut/ar,-ator"
kun,con
"konus/o,-a","con/e,-ic"
konkava,concav
"koncesi/i,-o","conce/der,-ssion"
1.koncepti 2. koncipi,concepter
koncerni,concerner
konko,conche
konciza,concis
"konklud/i,-o","conclu/der,-sion"
"konkord/i,-o","concord/ar,-ie"
konkurenc/i-o,"concurr/er,-entie"
kondamni,condamnar
kondensi,condensar
kondimento,condiment
kondiĉe,condition
kondicionalo,conditionale
kondolenci,condoler
"konduki, konbukti",conducter
"kondut/i,-o","condu/ir,-ida"
interkosiliĝi,conferer
konfesi,confesser
limo,confine
konfidi,confider
konfirmi,confirmar
konfiti,confiter
konforma,conform
konfronti,confrontar
konfuzi,confuser
kongeli,congelar
kongrui,congruer
konifero,conifere
konjugi,conjugar
konjekti,conjecter
kunligi,conjuncter=conjunter
"interligi, koneksi",conexer
konekti,conecter
ĵurpeti,conjurar
koni,conosser
konkeri,conquestar
konsekri,consacrar
konscienco,conscientie
"konsekvenc/a,-o","consequ/ent,-entie"
konsenti,consentir
konservi,conservar
konsideri,considerar
konsili,consiliar
konsisti,consister
konsoli,consolar
konsonanto,consonant
konspiri,conspirar
konstanta,constant
konsterni,consterner
"konstip/i,-o","constip/ar,-ation"
kcnstitui,constituer
konstitucio,constitution
konstrikti,constricter
1.konstrui 2.konstrukti,constructer
konsulti,consultar
"kcnsum/o,-i","consum,-ar"
konsumi; eluzi,consumpter
kontakto,contact
kontanta,contant
"enhav/i,-o","conten/er,-e"
kontenta,content
kontesti,contestar
"kontinu/a,-i","continu/i,-ar"
konto,conto
kontoro,contore
kontraŭ,contra
"kontraband/i,-o","contraband/ar,-e"
kontrakti,contra/ct/er
kontribui,contribuer
aflikti,contrir
konturo,contura
"kontuz/i,-/aĵ/o","contus/er,-ion"
"konvalesk/i,-o","convalesc/er,-entie"
koveni,convener
kunveni,convenir
konventi,conventer
converĝi,converger
"konversaci/i,-o","convers/ar,-ation"
konverti,converter
konveksa,ccnvex
konvikti,convicter
konvojo,convoy
pokalo,cope
ĥoro,cor
"kuraĝ/o,-a","corage,-osi"
korbo,corb
korko,corc
kordo,corde
"kor/o,-a","cordi/e,-al"
korno,corn
"sakfajfilo, sakfluto",cornamuse
korneo,cornea
korniko,cornille
"korono, krono",coron
korpuso,corpo
korpo,córpor
korpulenta,corpulent
"korekt/a,-i,isto,-aĵo","corect,-er,-or,-ura"
"korespond/i,-aĵo","corespond/er,-entie"
koreletiva,corelativ
koridoro,coridor
korsaĵo,corsage
korseto,corsete
korto,corte
ŝelo,cortice
kurteno,cortine
kolapsi,coruir
"korupt/i,-/ad/o","corupt/er,-ion"
korvo,corvo
aĵo,cose
"kosm/o,-a","cosm/o,-ic"
1.ripo 2.bordo,coste
kostumo,costume
kotono,coton
kovi,covar
koverto,covert
,"covr/ir,-iment_- kovr/i,-ilo"
kramfo,cramp
krampo,crampon
gruo /maŝino/,cran
kranio,cranio
krajono,crayon
"kre/i,-/ad/o","cre/ar,-ation"
"kred/i,-o","cred/er,-e"
"kredit/o,-i","credet,-er"
kremo,crem
krepiti,crepar
krepuskulo,crepuscul
kreski,crescer
kresto,crest
kreto,crete
idioto,cretino
kankro,creve
krevi,crevar
"kri/o,-i","cri,-ar"
kribrilo,cribell
bankroto,crida /falliment/
"krim/o,-ulo","crímin/e,-ard"
krino,crine
hoko,croc
"kroĉet/ilo,-i","crochet,-ar"
kropo,cropp
lambastono,cruc
kruco,cruce
kruĉo,cruche
kruda,crud
kruela,cruel
panmolo,crumel
krusto,cruste
krura,crure
"kub/o,-a","cub/e,-ic"
"kukol/o; -i = cantar ""cucú""",cucú
kukurbo,cucombre
kubuto,cude
"zcrg/o,-i","cuid/a,-er"
kulmino,cúlmine
kulpo,culpa
kultivi,cultivar
tranĉilo,cultel
kumino,cúmine
"amas/o,-igi","cúmul,-ar"
kojno,cuneo
kuniklo,cunicul
"tranĉi, tondi",cupar
profitema,cupid
kupolo,cupol
kupro,cupre
"kurac/o ,-adi","cur/a,-ar"
kiraso,curasse
scivola; kurioza,curiosi
kuri,currer
kurta,curt
"kurb/o,-a","curv/e,-i"
"kuz/o,-ino","cusin/o,-a"
kapkuseno,cussine
kosti,custar
"kutim/o,-i","custom,-ar"
ledo,cute
ciklo,cycle /cicle/
ciklono,cyclon /ciclon/
cigno,cygne /cigne/
cipreso,cypress /cipress/
"damaĝ/o,-i","damage,-ar"
"damn/i,-o","damn/ar,-ation"
"danĝer/o,-a","danger/e,-osi"
"danc/o,-i","dans/a,-ar"
doni,dar
dato,date
daktilo,datil
melhundo,dax
de,de
"debila, malforta",debil
ŝuldi,debir
diboĉi,debochar
dekadenci,decader
deci,decer
elrevigi,decepter
dek,deci
"decid/i,-o","deci/der,-sion"
deklari,declarar
deklinacii,declinar
"dekliv/o,-i","decliv/e,-ar"
dekokti,decocter
dekolti,decoltar
malkovri,decovrir
dediĉi,dedicar
defendi,defender
"deform/i ,-ado","deform/ar,-ation"
defraŭdi,defraudar
degeli,degelar
deĵori,dejorar
matenmanĝi,dejunar
debati,deliberar
delico,delicie
deliri,delirar
morgaŭ,deman
peti,demandar
freneza,dement
dementi,dementir
duono,demí
malkonstrui,demolir
denove,denov/e/
dense,densi
"dent/o,-aro","dent/e,-age"
punto,dentelle
"Di/o,-ino","De/o,-essa"
dependi,depender
priplori,deplorar
deponejo,depó
de tiu tempo,depoy
senmoraligi,depravar
"malĝojigi, deprimi",depresser
moki,derider
derivi,derivar
dermato,derma
de post,desde
descendi,descender
"dezert/a,-o","desert,-e"
"dizert/i,-into","desert/er,-or"
seniluziiĝo,desilusion
"dezir/i,-o","desir/ar,-e"
deserto,dessert
"desegn/i,-aĵo","dessin/-ar,-e"
destini,destinar
detrui,destructer
detal/aĵ/o,detallie
detekti,detecter
malantaŭen,detra
dezertigi,devastar
,devenir-fariĝi
devi,dever
devizo,devise
evoluigi,developar
sindona,devoet
devori,devorar
dekstra,dextrí
diabeto,diabete
diablo,diabol
tago,die
senhonorigi,difamar
digo,diga
digesti,digester
diĝita,digital
inda,digni
dilati,dilatar
"diligent/a,-eco","diligent,-ie"
aneto,dill
dilui,diluer
diluvo,diluvie
"dimimui, etigi",diminuer
"tagmanĵ/o,-i","diné,-ar"
diri,dir
direkti,directer
disĉiplo,disciplo
diskurso,discurs
diskuti,discusser
"diversspeca, heterogena",disparat
dispersi,disperser
dispozicii,disposir
"disigi, elspezi",dissipar
distanci,distar
distingi,distinter
distrikto,districte
diverĝi,diverger
diversa,diversi
amuzigi,divertisser
dividi,divider
dia,divin
diveni,divinar
divorci,divorciar
diskonigi,divulgar
dogano,doane
instrui,docer
perceptema,docil
"dolor/i,-o","dol/er,-ore"
"hejma, malsovaĝa",domestic
mastro,domino
bridi,domitar
donaco,don
dorloti,dorlotar
dorsi,dormir
dorso,dorse
doto,dot
dekduo,dozen
drako,dracon
"dram/o,-a","drama,-tic"
draŝi,drachar
drapo,drap
dreni,drenar
"dres/i,-ado","dress/er,-ura"
drola,drolli
du,du
dubi,dubitar
duŝo,duche
"gvid/i,-anto","duct/er,-or"
dolĉa,dulci
"do, sekve, tial",dunc
dupo,dupo
malmola,dur
daŭri,durar
kaj,e
iri,ear
"ebri/a,-/ec/o","ebrie,-tá"
eklezio,eclesie
preĝejo,eclesia
"eĥ/o,-iĝi","eco,-ar"
ekonomio,economie
ekrano,ecran
edikto,edict
edifi,edificar
konstruaĵo,edificie
eldoni,editer
eduki,educar
/for/viŝi,efaciar
efekto,efect
efektivigi,efectuar
egala,egal
elĵeti,ejecter
elekti,electer
elefanto,elefant
elemento,element
lernanto,elev
elito,elite
elokventa,eloquent
emani,emanar
embaraso,embarass
plibonigi,emendar
emerĝi,emerger
enerita,emerit
emfazo,emfase
emigri,emgirar
elstari,eminer
emisii,emisser
emocio,emotion
okupigi,employar
enigmo,enigma
enorma,enorm
enu/igi /-i/,enoyar /se/
"estaĵo, estulo",ente
akordiĝi,entender
elparoli,enunciar
episkopo,episcop
epistolo,epistul
ŝultro,epol
erekti,erecter
ermito,eremit
do,ergo
eriko,erica
eraro,erra
raьpo,eruca
"erud/i,-ito","erud/ir,-ito"
erupcii,erupter
eskapi,escapar
aŭskulti,escutar
spado,espade
esperi,esperar
spritaĵo,esprite
skizo,esquisse
eseo,essay
esti,esser
estimi,estimar
somero,estive
"ujo, -ujo",estuche
aĝo,etá
"establ/i,-/aĵ/o","etabliss/er,-ement"
etaĝo,etage
eterna,eterni
kvankam,etsí
eьfonio,eufonie
evakui,evacuar
sveni,evanescer
okazi,evenir
evidenta,evident
eviti,evitar
"evolu/i,-/ad/o","evolu/er,-tion"
el,ex
ekzakta,exact
troigi,exagerar
"ekzamen/i,-o","examin/ar,-e"
"eksces/i,-o","exce/der,-ssion"
"escepti, eligi",excepter
"ekstrakti, elscribi",excerpter
eksciti,excitar
ekskludi,excluder
ekskuzi,excusar
ekzekuti,executer
eksemplo,exemple
"eligi, liberigi",exempter
ekzercii,exercir
elĉerpi,exhauster
"admoni, instigi",exhortar
ekzilo,exilie
ekzisti,exister
postuli,exiger
"ekspansi/i,-a","expan/der,-siv"
ekspekti,expectar
ekspedi,expedir
elspezo,expense
"spert/i,-o","exper/ir,-ientie"
penti,expiar
ekspiri,expirar
ekspliki,explicar
esplori,explorar
ekspluati,explotar
ekspozicii,exposir
esprimi,expresser
elpeli,expulser
elekti,exquisir
etendi,extender
ekstera,exteriori
ekstermi,exterminar
ekstera,externi
estingi,extinter
disrabi,extirpar
exter,extra
fremda,extran
abundege kreski,exuberar
"ĝojkrii, jubili",exultar
fabo,fabe
fabulo,fabul
vizaĵo,facie
"facil/a,-eco","facil,-itá"
"fakto, faro",fact
fakturo,factura
fakultativa,fecultativ
malbongusta,fad
fago,fago
falĉilo,falce
folko,falcon
mistrafi,fallir
falsa,fals
malsato,fame
famo,fama
fantomo,fantom
fari,far
lumturo,fare
faruno,farine
farso,farse
"sinĝena, timema",faruchi
fazano,fasan
fasko,fasce
fascini,fascinar
fatalo,fate
laceco,fatiga
"faringo, gorĝo",fauce
favoro,favor
feino,fea
febro,febre
feko,fec
fekunda,fecund
"feder/o,-ala","feder/e,-al"
feliĉa,felici
"bondeziri, gratuli",felicitar
felto,feltre
virino,femina
femuro,femur
fendi,fender
fojno,fen
fenestro,fenestre
foiro,ferie
"feroca, kruela",feroci
fero,ferre
fruktodona,fertil
"fervor/i,-a,-o","ferv/er,-ent,-ore"
festo,festa
festeno,festine
festono,feston
"fetor/i,-a","fet/er,-id"
feto,feto
"feьd/o,-a","feud/e,-al"
fibolo,fible
fibro,fibre
fikcii,ficter
fiktiva,fictiv
fidi,fider
fidela,fidel
"faden/o,-igi","fil,-ar"
filiko,filice
"fil/o,-ino","fili/o,-a"
petolulo,filú
delikata,fin
fino,fine
fingro,fingre
fini,finir
firma,firm
fiksa,fix
flako,flac
flano,flad
flago,flagga
vipi,flagellar
flamo,flamme
maldillgentaĉi,flanar
flanko,flanca
flari,flarar
flati,flattar
sago,fleche
fleksi,flexer
"bubino, knabino",flicca=puella
floko,floc
floro,flor
flui,fluer
alfluo,flut
rivero,fluvie
fokuso,foco
folio,folie
fola,folli
fandi,fonder
fonto,fonte
for,for
"bor/i,ilo,truo","for/ar,-ator,-e"
"fremda, fremdlanda",foren
"arbaro, forsto",forest
forĝi,forjar
formiko,formíca
forno,forne
furaĝo,forrage
eble,forsan
"fort/a,-o","fort,-ie"
"devigi, trudi",fortiar
fortuno,fortun
foso,foss
vulpo,fox
fajro,foy
"bru/i,-o","fracass/ar,-e"
rompi,fracter
fragila,fragil
"malkaŝa, rekta, sincera",franc
framasono,francmasson
franĝo,frange
frapi,frappar
frato,fratre
trompo,fraude
"brems/o,-i","fren,-ar"
ofta,frecuent
frakasi,friar
froti,fricter
"frida, frigida",frigid
friti,frir
friska,frisc
frizi,friser
frivola,frivol
fronto,front
ĉifi,frossar
frosto,frost
froti,frottar
frukto,fructe
susuri,frufruar
modera,frugal
tritiko,frument
senigi,frustrar
fuĝi,fugir
"fulmobril/i,-o","fulgur/ar,-etion"
fulgo,fulígine
fulmo,fúlmine
"fum/o,-i","fum,-er"
fumumi,fumicar
fundo,funde
fondi,fundar
ŝnuro,fune
funelo,funel
sepulto,funerale
fatala,funest
fungo,fungo
fripono,furbon
forko,furca
"furioz/i,-a","fur/er,-iosi"
furgono,furgon
liveri,furnir
"ŝtel/i,-isto","furt/er,-ero"
"kunfandiĝi, kunflui",fuser
"fusil/o,-i","fusil,-ar"
senvalora,futil
"futur/a,-o","futur,-e"
lombardo,gage
galaksio,galaxe
galero,galere
kokino,gallina
galopo,galop
gambo,gambe
bottrunko,gambale
gajno,ganie
ansero,ganse
ganto,gente
gapi,gapar
"garant/i,-o","garant/iar,-ie"
garbo,garbe
gardi,gardar
garni,garnir
junulo; kelnero,garson
gasto,gast
"gajeco, ĝojo",gaudie
gaja,gay
gazeto,gazette
gazono,gazon
"frost/o,-i","gel/a,-ar"
"gelatenaĵo, ĵeleo",gelé
ĝemelo,gemelle
ĝemi,gemir
ĝeni,genar
genro,genere
"grandanima, nobla",generosi
"generi, naski",geniter
gepatroj,genitores
gento,gente
ĝentila,gentil
genuo,genú
ĝusta,genuin
"ĝerm/i,-o","germin/ar,-e"
giganto,gigant
veŝto,gilet
gipso,gips
"glaci/o,-monto","glaci/e,-ero"
glavo,gladie
glano,glande
glando,glandul
glaso,glass
glata,glatt
glebo,gleb
gliti,glissar
"globo, globuso",globe
gloro,glorie
gluti,glotir
"glu/o,-i","glutin/e,-ar"
golfo,golf
"eduk/i,-istino","govern/ar,-essa"
gracila,gracil
grado,gradu
grafito,grafite
grajno,gran
"grand/a, plej g~a","grand,-issim"
"gras/a,-o","grass,-e"
dankema,grat
grati,grattar
senpage,gratuit
grava,grav
"gravur/i,-isto","grav/er,-ero"
graveda,gravid
gruzo,gravio
hordea grio,grel
ungego,griffe
rostostango,grill
grilo,grillio
ŝminki,grimar
grimpi,grimpar
grimaci,grinar
grinci,grinsar
griza,gris
ĉagreno,grive
gruo,grue
grio,gruel
grumbli,grunnir
grupo,gruppe
gard/ad/o,guardie
gudro,gudron
milito,guerre
gvidi,guidar
gitaro,guitarre
gumo,gumme
gastronoma,gurmand
gusto,gust
guto,gutte
"reg/i,-anto","guvern/ar,-ero"
gorĝo,gutur
"capabla, lerta",habil
"loĝ/i,-anto","habit/ar,-ant"
kutimo,habitu
hakfosilo,hacca
hakilo,hache
/ĉirkaŭ/barilo,hag
spiro; inhali,hala; in~ar
amaso,halde
halo,hall
haltu!,halt!
haltero,haltere
hamako,hamac
hamstro,hamstre
kokso,hanche
kapti,happar
haringo,hareng
"ĵung/aĵo,-ilaro",harness
harpo,harpe
hazardo,hasard
ĉerpi,hauster
havi,haver
"estas, ekzistas",hay
hedero,hedre
helico,helice
helmo,helm
hejmo,hem
hepato,hepate
herbo,herbe
heredi,heredar
"herez/o,-ulo","here/sie,-tico"
hirtiĝi,herriser
hernio,hernie
heroo,heróe
ardeo,heron
"erp/i,-ilo","hers/ar,-e"
heziti,hesitar
oscedi,hiar
singulti,hiccar
hida,hideosi
hini,hinnir
lui,hirar
hirundo,hirunde
vintro,hiverne
kaŭri,hoccar
hodiaŭ,hodie
"hom/o,-aro","hom,-anité"
honesta,honest
honoro,honor
honto,honte
horo /60 min./,hor
horo /sur horloĝo/,hora
hordo,horde
hordeo,hordeo
horloĝo,horloge
"horor/i,-o","horr/er,-ore"
gastiganto,hosped
malamika,hostil
hufo,huf
humida,humid
humila,humil
humo,humo
"/bon/humoro, humuro",humor
ideo,idé
identa,identic
idiomo,idioma
idolo,idol
"li, ili","il, ili"
ilumini,iluminar
bildo,image
"imag/i,-o","imagin/ar,-e"
"grandega, senmezura",imens
imiti,imitar
"ĝeni, malhelpi",impedir
ordoni,imperar
"imperi/o,-estro","imper/ie,-ator"
impeta,impetuosi
"/al/voki, peti pri helpo",implorar
grava,important
"inpon/i,-a","impos/ar,-ant"
imposto,impost
"impres/i,-o","impress/er,-ion"
imputi,imputar
en,in
"inaŭgur/i,-o","inaugur/ar,-ation"
enpaki,inballar
"brakumi, ĉirkaŭbraki",inbrassar
"incendio, brulego",incendie
incenso,incense
inciti,incitar
inklini,inclinar
inkludi,includer
renkonti,incontrar
inko,incre
inkudo,incude
"indekso, /mat./ indico",index
indiki,indicar
"indiĝen/a,-o","indigen,-e"
malhavi,indiger
indigno,indignation
mallaborema,indolent
indulgi,indulger
industrio,industrie
mallerta; nekonvena,inept
inerta,inert
senerara,infallibil
senhonta,infam
infano,infante
infekti,infecter
neplenvalora,inferiori
infero,inferne
/ek/bruligi; alumeto,"inflamm/ar,-ette"
plenblovi; inflacio,"infl/ar,-ation"
"influ/i,-a,-o","influ/er,-ent,-entie"
malsupre,infra
infuzi,infuser
"almiks/i ,-aĵo","ingred/ir,-ientie"
inhibicii,inhibir
"iniciat/i,-o","inici/ar,-ative"
senkulpa,innocent
inokuli,inocular
maljustaĵo,injurie
"demandar, esplori",inquestar
enketi,inquisiter
insekto,insecte
insidi,insidiar
insigno,insigne
enŝovi,insinuar
insisti,insister
insolenta,insolent
insolacio,insolation
"inspekt/i,-o","inspect/er,-ion"
inspiri,inspirar
"instal/i,-o","install/ar,-ation"
instigi,instigar
"starigi, institucio","institu/er,-tion"
"instru/i,-isto","instruct/er,-or"
instrumento,instrument
insulo,insul
insulti,insultar
insurekcio,insurection
netuŝita,intact
integra,integri
intelekto,intelectu
"inteligent/a,-eco","intelig/ent,-entie"
"intens/a,-eco","intens/iv,-itá"
"intenc/i,-o","intent/er,-ion"
inter,inter
"enmeti, enŝovi",intercalar
"malpermes/o,-i","interdict,-er"
"interes/i,-a,-o","interess/ar,-ant,-e"
"interezo, procentaĵo",interest
intertempe,interim
interna,"intern, interiori"
interpreni,interprender
"interpret/i,-isto","interpret/ar,-e"
interpunkcio,interpunction
inter/rupt/i,interrupter
intesto,intestine
intima,intim
intonacii,intonar
interne,intra
eniri,intrar
intrigo,intrica
enkonduki,introducter
intuicio,intuition
inundi,inundar
invadi,invader
envolvi,invelopar
inventi,inventer
inversa,inversi
"esplori, serĉi",investigar
investi,investir
sendi,inviar=misser
envio,invidie
inviti,invitar
irido,iride
irigacii,irigar
iriso,iris
iriti,iritar
fari enrompon,irupter
istmo,istme
ĝi,it
reciproki,iterar
kuŝi,jacer
"ĵaluz/i,-o","jalus/i,-ie"
"iam, foje",jamá
ŝinko,jambon
ĝardeno,jardin
ĵaketo,jaque
ĵeti,jettar
"ŝerc/o,-i","joc,-ar"
bel/et/a,jolli
ĵongli,jonglar
ĵaŭdo,jovedí
bonanim/ec/a,jovial
"ĝoj/o,-i","joy/a,-ar"
jubili,jubilar
"juĝ/i,-isto","judic/ar,-o"
"ĝu/i,-o","ju/ir,-ida"
julio,julí
junio,junio
"kun/e,-igi","junt,-er"
jupo,jup
"ĵur/i,-o","jur/ar,-ament"
"jur/o,-isto","jur/e,-ist"
"ĵurnal/o,-isto","jurnal/e,-ist"
ĵus; ĝusta; justa,just
justeco,justicie
juvelo,juvel
kalio,kalium
kepo,kepi
ĥano,khan
kilo,kil
vipo,knut
ŝin,la
lipo,labie
labila,labil
"labor/i,-o","labor/ar,-e"
lakeo,lacayo
"laĉ/o,-i","lace,-ar"
disŝiri,lacerar
lakona,laconic
"larm/o,-i","lácrim/e,-ar"
lakto,lacte
interspeco,lacune
lado,lade
lago,lago
klingo,lame
lamenti,lamentar
lano,lane
lando,land
soifi,languir
lanco,lanse
ŝtono,lápid
"flik/aĵ/o,-i","lapp,-ar"
lardo,larde
larĝa,larg
lasciva,lasciv
lasi,lassar
"flanko, /geom/ latero",látere
latitudo,latitudine
lato,latte
laktuko,latug
latuno,latun
"laŭd/i,-o","laud/ar,-e"
laŭro,laure
"lav/i,-ado","lav/ar,-age"
neglektema,lax
lin,le
leki,leccar
leciono,lecion
lekcio,lection
difekti,leder
"leg/i,-anto","le/er,-tor"
leĝo,lege=ley
legio,legion
legomo,legume
lanta=malrapida,lent
lentugo,lentige
lento,lentille
leono,leon
lepro,lepra
ilin,les
lito,lette
letero,lettre
"lev/i,-ilo","lev/ar,-ere"
gisto,leven
malpeza,levi
maldekstra,levul
vortaro,lexico
la,li
"libr/o,-ovendejo","libr/e,-ería"
lici,licer
likeno,lichen
"lig/o,-i","lig/a,-ar"
"lign/o,-a","lign/e,-in"
lila; /bot/ siringo,lila
"fajl/i,-ilo","lin/ar,-e"
"lim/igi,-o","limit/ar,-e"
klara,limpid
"lin/o,-a","lin,-in"
"lini/o ,-i,-ilo","line/a,-ar ,-ale"
"lingv/o,-a","lingu/e,-al"
lenso,linse
"fluid/a,-aĵo","liquid,-e"
listo,liste
malgranda,litt
liveri,liverar
mortpala,livid
lesivo,lixive
lobo,lob
"lok/o,-a,-i","loc/o,-al,-ar"
"loĝ/ejo,-i","logí,-ar"
"long/a,-/ec/o","long,-ore"
longitudo,longitudine
"malproksim/a,-o","lontan,-ie"
ilia,lor
"lot/o,-i","lot,-ar"
"lu/i,-anto","lu/ar,-ator"
lubriki,lubrificar
"lum/o,-i","luc/e,-er"
lukri,lucrar
"lukt/o,-i","luct/e,-er"
"lud/o,-i,-ilo","lud/e,-er,-ette"
"lul/i,-ilo","lull/ar,-uore"
"lun/o,-a","lun/e,-ari"
lundo,lunedí
lupo,lupo
"log/i,-aĵo","lur/ar,-e"
"elartikigi,luksacii,tordi",luxar
"luks/o,-a","luxu,-osi"
sed,ma
maceri,macerar
"maĉi, makzelo","mach/ar,-uore"
maŝino,machine
"makul/o,-i","macul,-ar"
grandanima,magnánim
grsndioza,magnific
magra,magri
majo,mai=may
maizo,mais
majesta,najestic
malbona,mal
"malsan/a,-o","malad,-ie"
malico,malicie
malgraŭ,malgré
malto,malt
panjo,mamá
"mam/o ,-besto","mamm/e,-ifere"
"mank/o,-i","manc/a,-ar"
"maniko, manumo","manch/e,-ette"
mendi,mandar
migdalo,mandul
resti,maner
"kalandr/i,-o","mangl/ar,-e"
multa/j/,mani
maniero,maniere
"manĝ/i,-/aĵ/o","manj/ar,-age"
"vir/o,-a","mann,-ic"
"mild/igi,-a","mans/ar,-i"
mantelo,mantel
"man/o,-a","manu,-al"
"manlibro, instrulibro",manuale
"mar/o,-a,-isto","mar/e,-in,-inero"
"mark/o,-i","marc/a,-er"
"marŝ/o,-i","march/a,-ar"
mardo,mardí
"marĝen/o,-a","margin/e,-el"
marioneto,marionette
"edz/o,-ino","marit/o,-a"
marmoro,marmor
"ŝtelĉas/i,-isto","marod/ar,-ero"
ŝatokupo,marotte
marto,marte
"martel/o,-i","martell,-er"
"maskl/o,-a","mascul,-in"
amaso,masse
masto,mast
"mastik/o,-i","mastic,-ar"
"majstr/o,-i","mastr/e,-isar"
"maten/o,-a","matin/e,-al"
matraco,matrasse
"patrin/o,-a","matr/e,-in"
baptopatrino,matrina
mato,matte
"matur/a,-iĝi,-eco","matur,-ar,-ite"
makzelo,maxille
plej,max/im/
maksimo,maxime
majo,may
meĉo,meche
pere de,med
"kuracisto, medicinisto",medico
medio,medie
mezvalora,mediocri
melki,melcar
eĉ,mem
"merabr/o,-eco,-aro","membr/e,-itá,-ité"
"memor/i,-o,-inda","memor/ar,-ie,-ebil"
"minac/o,-i","menaci/e,-ar"
"mastrum/aĵo,-i","menage,-ar"
"almoz/ulo,-i","mendic/o,-ar"
"monat/o,-a","mensu,-al"
"mens/o,-a","ment/e,-al"
"menci/o,-i","mention,-ar"
"mensog/i,-o","ment/ir,-ie"
mentono,menton
merkato,mercate
"komerc/aĵo,-i,-isto","merc/e,-ar,-ero"
merkredo,mercurdí
"merit/i,-a","merit/er,-osi"
merlo,merle
"dank/o,-i,-/em/a","mersí,-ar,-osi"
mespilo,mespil
tre malriĉa,mesquin
meso,messe
"mezur/o,-i","mesur/a,-ar"
"metal/o,-a","metall/e,-ic"
meti,metter
mia,mi
mlaŭi,miaular
glimo,mica
eta,micri
tagmezo,midí
mielo,miel
migri,migrar
delikata,mild
"mejl/o,-a","mili/e,-ari"
"mil,-jaro","mill,-ennie"
"arme/o,-a","militar/e,-i"
laktumo,milz
"mim/o,-a,-i","mim/o,-ic,-ar"
mino,mine
minto,minte
malpli,minu
minusklo,minusc-ul
"mirakl/o,-a","miracul,-osi"
"mizer/o,-i","miser/e,-ar"
misio,mission
mito,mite
"miks/i,-aĵo","mixt/er,-ura"
"movebl/a,-o","mobil,-itá"
meblo,moble
"mok/i,-/ad/o","moc/ar,-ada"
"mod/o,-a /verbo/","mod/e,-el"
"model/o,-i","modell/e,-ar"
"moderigi, mildigi",moderar
"modest/a,-eco","modest,-ie"
malkara,modic
"mov/i,-ado","moer=mov/er,-ement"
"ŝim/o,-i","mof/a,-ar"
muelŝtono,mol
"muel/ejo,-i","molin/e,-ar"
molesti,molestar
mola,moll
moleo,molo
monaĥo,monaco
mono,moné
monero,monete
admoni,monir
montri,monstrar
"monstr/o,-a","monstru,-osi"
"mont/o,-eto","mont/e,-ette"
montaro,montania
"munt/i,-aĵo","mont/er,-age"
"monuinent/o,-a","monument,-al"
"mord/i,-ema","mord/er,-aci"
"mor/o,-alo","mor/e,-ale"
morti,morir
moroza,morosi
"mort/a,-o,-igi","mort,-e,-ar"
mortero,mortre
muŝo,mosca
moskito,mosquite
musko,moss
mustardo,mostarde
"mov/i,-ado","mov/er,-ement"
mevo,movette
"muk/o,-a","muc,-osi"
koto,mudde
mufo,muff
muĝi,muir
multe,mult
"mond/o,-a,-uma","mund/e,-al,-an"
provizi,munir
muro,mur
"mason/i,-aĵo,-isto","mur/ar,-age,-ero"
murmuri,murmurar
muso,mus
mosko,musco
muskolo,muscul
lipharoj,mustache
mute,mut
"mutaci/i,-o","mut/ar,-ation"
"kripligi, mutili",mutilar
"mutual/a,-eco","mutual,-ite"
ĉar,nam
nano,nano
naztruo,narice
nazo,nase
naskiĝi,nascer
denaska,nativ
nacio,nation
ŝiprompo,naufrage
"naŭz/o,-i","nause/a,-ar"
navo; ŝipo,nave
"navig/i,-ado","navig/ar,-ation"
"nebul/o,-i,-a","nebul,-ar,-osi"
"neces/a,-o","necess/i,-itá"
nenio,necos
nenie,necú
neniu,necun
"ne/i,-ado /negacio/","neg/ar,-ation"
"negativ/a,-o","negativ,-e"
negliĝo,negligé
"neglekt/i,-ema","neglig/er,-ent"
"negoc/i,-o","negoci/ar,-ation"
neologismo,neologisme
"nepot/o,-ino","nepot/e,-a"
nedankinde,neproquó
nenia,nequal
neniel,nequam
neniam,nequande
"neniom, tute nenio",nequant
neniu,nequel
neniu,nequi
nenio,nequó=necos
"nest/o,-i","nest,-ar"
"net/a,-e","nett,-o"
"nev/o,-ino","nev/o,-a"
"eĉ ne, nek...nek",ni
niĉo,niche
"nigr/a,-igi","nigr/i,-ar"
naŭ,nin
salpetro,nitre
"neĝ/o,-i","niv/e,-ear"
nivelo,nivell
ne!,no!
"nobel/a,-o","nobil,-o"
nobla,nobli
"malutil/i,-a","noc/er,-iv"
"nokt/o,-a","noct/e,-al"
"nod/o,-i","nod/e,-ar"
ni,noi
"nom/o,-i","nómin/e,-ar"
monahino,nonna=monaca
nia,nor
"nord/o,-landa","nord,-ic"
"norm/o,-ala","norm/e,-al"
nin,nos
"nostalgi/o,-a","nostalg/ie,-ic."
"not/o,-i .","not/e,-ar"
notico,noticie
nocio,notion
fama,notori
"nov/a,-aĵo","nov,-ita"
novembro,novembre
nu; nun,nu
jen...jen,nu...nu
"nuanc/o,-i","nuanci/e ,-ar"
"nub/o,-a","nub/e,-osi"
nuko,nuc
nukso,nuce
"nukle/o,-a","nucle/o,-ari"
nuda,nud
neniu; nulo,null
"numer/o,-i","numer/ó,-ar"
"nombr/o,-/mult/-a","númer/e,-osi"
nupto,nuptie
"nutr/i,-aĵo","nutr/ir,-iment"
ho,ó
"aŭ, aŭ,..aŭ","o, o...o"
"obe/i,-ema","obed/ir,-ient"
"dik/a,-/ec/o",obes/i.-itá
"objekt/o,-iva, -ivo","object/e,-iv,-ive"
objeti,obje/c/ter
"obligaci/i,-o","oblig/er,-ation"
oblikva,obliqui
"forges/i,-o","oblivi/ar,-e"
oblonga,oblong
obscena,obscen
obskura,obscur
obsedi,obseder
"observ/i,-anto","observ/ar,-ator"
"obstaklo, impediment",obstacul
"obstin/i,-a","obstin/ar,-aci"
"obstrukt/i,-o","obstruct/er,-ion"
obteni,obtener
obtuza,obtus/i/
"okaz/o,-a,-i","ocasion, -al,-ar"
"okcident/o,-a","occident,-al"
okro,ocre
oktobro,octobre
"okul/o,-vitro/j/","ocul,-are/s/"
"sekreta, okultismo","ocult,-isme"
"okup/i,-o","ocup/ar,-ation"
"malam/o,-i,-a","odi/e,-ar,-osi"
"odor/o,-i","odor/e,-ar"
"ofend/i,-o","ofen/der,-se"
"ofert/o,-i","ofert/a,-ar"
oficiro,oficero
"ofic/ej/o,-isto","ofici/e,-ario"
metiejo,oficina
"old/a=maljun/a,-eco","old,-esse"
"ole/o,-i","ole/o,-ar"
"ombr/o,-i","ombr/e,-ar"
fatala antaŭsigno,ómine
ellasi,omisser
ĉiuj,omni
ĉio,omnicos
oni,on
onklo,oncle
"operaci/i,-o","oper/ar,-ation"
"opini/i,-o","opin/er,-ion"
oponi,oponer
oportuna,oportun
opozicio,oposition
"subprem/ad/i,-o","opress/er,-ion"
plej bona,optim
"riĉ/a,-eco","opulent,-ie"
oranĝo,orange
"orator/o,-a","orat/or,-ori"
orbito,orbite
"ord/o,-igi","ordin/e,-ar"
ordeno,orden
"ordon/o,-i","ordon,-ar"
orelo,orel
orfano,orfan
1.organo 2.orgeno,organ
orgojlo,orgollie
"origin/o,-ala,-i","origin/e,-al,-ar"
"ornam/i,-/aĵ/o","orn/ar,-ament"
ortografio,ortografie
"oscil/i, -ilo","oscill/ar,-ator"
osto,osse
oriento,ost
"ostent/i,-a","ostent/ar,-ativ"
ostro,ostre
mallaboro,otie
ovo,ove
verko,ovre
"pak/aĵo,-i","pacc/a,-ar"
paco,pace
"pagajl/o,-i","paddl/e,-ar"
"pato, muldilo",padelle
pagano,pagano
"paĝ/o, paĝonumeri","págin/e,-ar"
"kamparo, pejzaĝo","país,-age"
fosto,pal
palaco,palace
palato,palate
palto,paletó
"palis/o,-aro","paliss/e,-ade"
"ŝovel/ilo,-i","pall/e,-ar"
"pal/a,-iĝi","pall/id,-er"
pajlo,pallie
"palp/i,-ebla","palp/ar,-abil"
palpebro,palpebre
"pan/o,-/bak/isto","pan/e,-/ific/ator"
paneo,panne
ventraĉo,panse
pantalono,pantalon
pantomimo,pantomime
papo,papa
paĉjo,papá
papago,papegaye
papavo,papavre
papero,papere
papilio,papilion
paradizo,paradise
parko,parc
pardoni,perdonar
paro,pare
"parent/a,-o","parent,-e"
parentezo,parentese
para,pari
"vet/o,-i","perí,-ar"
peroli,parlar
"paroĥ/estro,-o","paroc/o,-ia"
"vort/o,-ordo","parol,-órdine"
avareco,parsimonie
"part/o,-a","part/e,-ial"
partopreni,participar
participo,participie
partikulo,particul
partigi,partir
"parti/o,-ano","partis/e,-ano"
"parulo, kunulo",part/e/nero
ĉie,partú
"akuŝi, naski",parturir
"Pask/o,-a","Pasc/a,-al"
pasamento,pasment
"pas/i,-ejo","pass/ar,-age"
pasaĝero,passagero
"mezbona, tolerebla",passabil
"pasi/o,-a","passion,-al"
Pasiono,Passione
pasvorto,pass/a/parol
pasporto,passport
"paŝ/o,-i","passu,-ar"
pasto,pasta
"paŝt/i,-isto","past/er,-ero"
pasteĉo,pastete
"pacienc/a,-o","patient,-ie"
paciento,patiente
"glitkur/o,-i","patin/e,-ar"
"patr/o,-ujo","patr/e,-ia"
baptopatro,patrino
"patron/o,-eco","patron,-atu"
manego,patte
"pavim/o,-i","pav/e,-i"
pavo,pavon
"pag/i,-o","pay/ar,-ament"
"pek/o,-i","pecc/a,-ar"
peĉo,pech
"komb/ilo,-i","péctin/e,-ar"
"brust/o,-a","péctor,-al"
mono,pecunie=moné
"piedo, pedalo","ped/e,-ale"
pediko,pedicul
pli malbona,pejor
"pelt/o,-isto","peliss/e,-ero"
haŭto,pelle
pelmelo,pelmel
fadenbulo,pelote
pelotono,peloton
"pen/ado,-i,-ega","pen/a,-ar,-osi"
pendi,pender
pendolo,pendul
"penetr/i,-a","penetr/ar,-ant"
penti,peniter
"pens/o,-i","pens/a,-ar"
Penteksto,Pentecost
"procent/o,-aĵo","percent,-age"
"percept/i,-o","percept/er,-ion"
"perd/o,-i","perd/e,-ir"
perdriko,perdrice
"pilrim/anto,-i,-o","peregrin/o,-ar,-age"
"perfekt/a, pli-igi","perfect,-ionar"
perfida,perfid
perfori,perforar
perei,perir
falsa ĵuro,perjurie
"daŭr/i,-a","perman/er,-ent"
"permes/i,-o","permiss/er,-ion"
tranokti,pernoctar
"perpendikl/o,-a","perpendicul,-ari"
senĉesa,perpetui
perpleksa,perplex
persekuti,persecuter
elteni,perseverar
persiko,persic
persisti,persister
persvadi,persuader
"dec/i,-a","pertin/er,-ent"
perako,peruque
perversa,perversi
"pez/i,-o","pes/ar,-a"
plej malbona,pessim
pesto,peste
"pet/i,-o,-icio","pet/ir,-ida,-ition"
"ŝton/o,-a","petr/e,-in"
petroselo,petrosel
peco,pezze
mallaьte,pian/i/
"pinto, piki","pic,-ar"
"pentr/i,-isto","pict/er,-or"
"pi/a,-/ec/o","pie,-tá"
pigo,piga
pigra,pigri
piliero,pilare
rabi,pilliar
pilorio,pilorie
pino,pine
"prenilo, tenajlo",pince
"pingl/o,-i","pingl/e,-ar"
naĝilo,pinne
"penik/o,-i","pinsel,-ar"
"pioĉ/o,-i","pioch/e,-ar"
pipo,pip
"pepi, kviki=kviviti",pipiar
"pipr/o,-i","pipr/e,-ar"
piro,pire
pizo/j/,pise
"fiŝ/o,-i","pisc,-ar"
pisi,pissar
"pist/i,-ujo","pist/ar,-uore"
piŝto,piston
"pivot/o,-i","pivot,-ar"
plafono,plafon
plaĝo,plage
"eben/a,-aĵo","plan/i,-ura"
planko,planca
"plant/o,-i","plant/e,-ar"
plastro,plastre
"plat/a, alt-aĵo","plat,-ó"
telero,platil
"placo; lok/o,-i","plazz/a,-ar"
plekti,plecter
"plen/a,-igi","plen,-ar"
plend/i,"plend/ir,-e"
bonvolu,ples
plaĉi,pleser
plezuro,plesura
"fald/o,-i","plic/a,-ar"
plonĝi,plongear
"plor/i,-o","plor/ar ,-ada"
pli,plu
"plug/ilo,-i","plug,-ar"
pluŝo,pluche
plumo,plum
"plumb/o,-a","plumb/e,-in"
pluraj,pluri
"pluv/o,-i","pluvi/e,-ar"
malmulte; iom,poc; un poc
iom post iom,poc a poc
poemo,poema
"poet/o,-a","poet/e,-ic"
poluri,polir
poleno,pollen
polekso=digfingro,pollice
polvo,polve
"pom/o,-arbo","pom,-iero"
"pez/o,-i","pónder/e,-ar"
ponto,ponte
poplo,pople
"popol/o,-a","popul,-ari"
por,por
porko,porco
poro,pore
poreo,porro
pordo,porta
porti,portar
afranko,porte
"haven/o,-a","portu,-ari"
post,pos
meti,posir
posedi,posseder
"posed/aĵo,-anto","possess/ion,-or"
"povi, ebla","poss/er,-ibil"
poŝto,posta
posteno,posto
"postul/i,-o","postul/ar,-ate"
potaso,potasse
terpomo,potate
"potenc/a,-o","potent,-ie"
"pot/o,-faristo","pott/e,-ero"
povra=malriĉa,povri
"poste, post tio",poy
"praktik/a,-o","practic,-a"
pramo,pram
herbejo,prate
"instru/i,-isto","precept/er,-or"
prezo,precie
precipiti,precipitar
precipe,precipue
"preciz/a,-i","precis,-er"
prematura,precoci
"predik/o,-i","predic/a,-ar"
"prefer/i,-o","prefer/er,-entie"
prefikso,prefixe
"preg/o,-i","preg/a,-ar"
anicipa,preliminari
premiso,premisse
preni,prender
"prepar/i,-o","prepar/ar,-ation"
prepozicio,preposition
preskaŭ,presc
"preskrib/i,-o","prescr/ir,-ition"
"ĉeest/a,-o","present,-ie"
prezenti,presentar
"ŝirm/i,-ilo","preserv/ar,-ation"
"prezid/i,-anto","presid/er,-ente"
"pres/o,-i","press/e,-er"
prunti,prestar
pastro,prestro
preta,pret
"pretend/i,-ema","preten/der,-siosi"
preter,préter
"pretekst/o,-i","pretext/e,-er"
bel/et/a,pretti
"superi, domini",prevaler
"prevent/i,-o","prevent/er,-ion"
pri,pri
unua; primara,"prim,-ari"
primulo,primul
"princ/o,-ino","princ/e,-essa"
"principa, ĉefa",principal
principo,principie
"pres/i,-ajo","print/ar,-age"
"entaŭa, eminenta, ĉefa",priori
prioritato,priorite
prizono=malliberejo,prison
senigi,privar
pro,pro
"car; pro tio, ke",pro que
"pro kio, kial",pro quo
"pro tio, tial",pro to
probabla,probabil
"proced/i,-o","proced/er,-e"
proceso,processu
"proklam/i,-o","proclam/ar,-ation"
prokrasti,procrastinar
havigi,procurar
"prokur/o,-oro","procur/ation,-ator"
prodigi=malŝpari,prodigar
"produkt/o,-i","product/e,-er"
profana,profan
"profesi/i,-o","profess/er,-ion"
"profet/o,-i","profet/e,-isar"
"profit/o,-i","profit/e,-ar"
"profund/a, pli-igi","profund,-ar"
"progres/o,-i,-a","progress/e,-er,-iv"
"projekt/o,-i","project/e,-er"
plilongigi,prolongar
"promen/i,-o","promen/ar,-ade"
"promes/i,-o","promess/er,-e"
"promoci/i,-o","promo/er,-tion"
prompta,prompt
pronomo,pronómine
"prononc/i,-o","pronunci/ar,-ation"
proporcio,proportion
"propon/i,-o","propos/ir,-ition"
propra,propri
movoforto,propulsion
"prosper/i,-o","prosper/ar,-itá"
"protekt/i,-o","protect/er,-ion"
"prov/i,-o","prov/ar,-a"
"deveni, origini",provenir
proverbo,proverbie
"proksim/a,-e",proxim
"proviz/i,-o","provi/der,-sion"
pruda,prud
"prudent/a,-o","prudent,-ie"
pruno,prune
pruntepreni,pruntar
juki,pruriter
"pruv/o,-i","pruv/a,-ar"
psalmo,psalm
psalmaro,psaltre
psiĥo,psiche
"puber/a,-eco","púber,-tá"
"publik/e,-o,-/ig/i","public,-a,-ar"
publicisto,publicist
"hont/i,-ema,-emo","pud/er,-ent,-entie"
knabino,puella
knabo,puer
pulo,pulce
pulmo,pulmon
"svarm/i,-o","pulul/ar,-ation"
"pulvor/o ,-igi","púlver/e,-isar"
pumiko,púmice
"pump/ilo,-i","pump/e,-ar"
"punkt/o,-i","punctu,-ar"
pundo,pund
"pun/i,-o","pun/ir,-ition"
"punt/o,-igi","punt/a,-ar"
pupilo,pupille
pura,pur
kaĉo,puré
"purigi, laksigi",purgar
etanima,pusilánim
puŝi,pussar
puto,puteo
putoro,putor
"putr/i,-a","putr/ir,-id"
kia,qual
kvalito,qualitá
kvalif/ik/i,qualificar
kia ajn,qualcunc
kiel,qualmen
kiel,quam
kiel ejn,quamcunc
kiam,cuande
kiam ajn,quandecunc
kiom,quant
kvanto,quantitá
kvar,quar
kvaranteno,quarantene
kvarono,quart
"jarkvarono, trimestro",quartale
"kvartalo, loĝejo",quartere
kvarco,quartz
kvazaŭ,quasi
kvasto,quast
ke,que
kiu,quel
"kelke da, kelkaj",quelc
kiu ajn,quelcunc
kiun; al kiu,quem
kverko,querc
"kverel/o,-i","querell/e,-ar"
"demand/o,-i","question,-ar"
kiu,qui
kiu ajn,quicunc
kviki,quicar
kvieta,quiet
kvin,quin
merceraĵo,quincallia
kirli,quirlar
"kvit/a,-iĝi","quitt,-ar"
kio,quo
kio ajn,quocunc
ĉiutaga,quotidian
"rabi/o,-a","rabi/e,-osi"
"rabot/ilo,-i","rabot,-ar"
"rakont/o,-i","racont/a,-ar"
radiko,radica
"radi/o,-ado","radi/e,-ation"
radioaparato,radio-aparate
rafaneto,radise
rafano,rafane
ekkapti,raffar
ĉevrono,raftre
raŭki,ralar
ram/il/o,ramme
"ran/o,-a","ran,-in"
ranca,rancid
rango,rang
"vic/o,-igi","range,-ar"
rapo,rap
"rapid/a,-eco","rapid,-itá"
"raport/o,-i","raport/e,-ar"
"forrab/i,-o","rapt/er,-ion"
"rar/a,-aĵo","rar,-itá"
"raz/i,-ilo","ras/ar,-uore"
1.motivo 2.racio,rason
"rest/i,-ilo","restr/ar,-e"
"raci/o,-a","ration,-al"
rato,ratte
raьka,rauc
ravino,ravine
"rav/i,-a","raviss/er,-ent"
"reakci/i,-o","react/er,-ion"
"real/a,-eco","real,-itá"
"recenz/i,-o","recens/er,-ion"
antaьnelonga,recent
"akcept/i,-o","recept/er,-ion"
"recept/o,-i","receptu,-ar"
remalsaniĝo,recidive
"reciprok/a,-i","reciproc,-ar"
"recit/i,-aĵo","recit/ar,-ation"
"ricev/i,-ebla","reciv/er,-ibil"
"reklamaci/i,-o","reclam/ar,-ation"
vigliĝi,recoleer /se/
"rikolt/o,-i","recolt/e,-ar"
"rekomend/i,-o","recomend/ar,-ation"
"rekompenc/i ,-o","recompens/ar ,-ation"
"repacig/i,-o","reconcili/ar,-ation"
rekoni,reconosser
rekta,rect
rekuperi,recuperar
elaĉeti,redempter
"redukt/i,-o","reduct/er,-ion"
"reflekt/i,-o","reflect/er,-ion"
reflekso,reflex
malfluso,reflute
"refrakt/i,-o","refract/er,-ion"
"refreno, rekantaĵo",refrane
"frid/igi,-ujo","refriger/ar,-ator"
"refreŝ/igi,-igo","refrisc/ar,-ament"
"rifuĝ/i,-ejo","refug/ir,-ia"
"rifuz/o,-i","refus/a,-ar"
refuti,refutar
"regal/o,-i","regal/e,-ar"
"rigard/o,-i","regard/e,-ar"
regeneri,regenerar
reĝimo,regime
"reĝisor/i,-o","regiss/er,-or"
"reg/i ,-ado","regn/ar,-entie"
"regres/o,-i","regress,-er"
"bedaŭr/o,-i","regret/e,-ar"
"regul/o,-igi","regul,-ar"
forĵeti,rejecter
relo,rel
"rilat/i,-o","relet/er,-ion"
relajso,relé
religio,religion
"rem/ilo,-i","rem,-ar"
remaĉi,remachar
resti,remaner
"rimark/i,-inda","remarc/ar,-ebil"
"rimed/o,-i","remed/ie,-iar"
"rememor/i,-o","rememor/ar,-ation"
remizo,remise
rimorso,remorse
anstataŭi,remplazzar
reno,ren
redoni,rendir
kontraŭstari,reniter
"renovig/i,-o","renov/ar,-ation"
"renonci, rezigni /ion/",renunciar
"renvers/i,-o","renvers/ar,-ament"
riperi,reparar
apartigi,repartir
manĝtempo,repaste
penti,repenter
"ripet/i,-o",repet/ir-ition
"ripoz/i,-o","repos/ar,-e"
reprezenti,representar
subpremi,represser
admoni,reprimandar
riproĉi,reprochar
"ramp/i,-ulo,reptilio","rept/er,-ile"
forpuŝi,repugnar
"malakcepti, rifuzi",repulser
"repuŝi, forpuŝi",repussar
reputacio,reputation
"rezid/i,-ejo","resid/er,-entia"
"rezign/i,-acio","resign/ar,-ation"
rezino,resine
"rezist/i,-anco","resist/er,-entie"
decidi,resoluer
"reson/i,-o","reson/ar,-ation"
"respekt/o,-i","respect/e,-ar"
"spir/i,-ado","respir/ar,-ation"
"respond/i,-o","respon/der,-se"
"respondec/i,-a","respons/ar,-abil"
risorto,ressor
fako,ressort
/helpa/ fonto,ressurce
"rest/o,-i","rest/e,-ar"
"restaьr/i,-o","restaur/ar,-ation"
"restoracio, gastería",restoration
restitui,restituer
restrikti,restricter
"rezult/i,-o '","result/ar,-ate"
"resum/i,-o","resum/ar,-é"
malantaŭigi,retardar
reto,rete
reteni,retener
retino,retine
returni,retornar
"returne, reen",retro
"retuŝ/i,-o","retuch/ar,-e"
"repag/o,-i","revanch/a,-ar"
"rev/i,-/ad/o","rev/ar,-e"
"revelaci/i,-o","revel/ar,-ation"
veksignalo,revellie
"reven/i,-o","reven/ir,-ida"
enspezo,revenú
"revers/o,-i","revers/e,-ar"
"revid/o,-i","revid/e,-er"
revoki,revocar
reĝo,rey
"rikan/i,-o","rican/ar ,-ament"
"ric/a,-eco","rich,-esse"
"rid/i,-o,-inda","ri/der,-sion,-sibil"
ridinda,ridicul=risibil
rifo,riff
rigida,rigid
rimo,rim
remburso,rimborse
"gargari, tralavi",rinsar
rizo,ris
"risk/o,-i","risc,-ar"
ritmo,ritme
rito,ritu
rivalo,rival
bordo,rive
"river/o,-eto","river/e,-ette"
"nit/o,-i","rivet/e,-ar"
"manbatalo, interbatiĝo",rixe
krano,robinete
roboto,robot
"dika, fortega",robust
"rok/o,-plena","rocc/a,-osi"
rodi,roder
rolo,rol
rombo,rombe
ronki,roncar
"rond/a,-o","rond,-e"
ronroni,ronronar
rozario,rosarium
"roz/o,-a","ros/e,-i"
roso,rosé
bufo,rospe
"rufa, ruĝhera",ross
rosti,rostar
"rotaci/i,-o","rot/ar,-ation"
rado,rote
rabarbo,rubarbe
"ruĝ/a,-/ig/i","rub/i,-ijar"
rukti,ructar
rukuli,rucular
kruda,rud
rudimento,rudiment
falto,ruga
kriegi,rugir
falruiniĝi,ruir
"rul/o,-i","rul,-ar"
remaĉi,ruminar=remachar
rompi,rupter
"kampar/o,-ano","rur/e,-ano"
rustika,rustic
vojo,rute
rutino,rutine
sabro,sabre
sako,sac
sakrala,sacri
"ofer-/i,-/aĵ/o","sacrific/ar,-ie"
sakrilegio,sacrilegie
sagaca,sagaci
"saĝ/a,-eco","sagi,-tá"
"sal/o,-i,-ita","sal/e,-ar,-in"
salono,sala
salato,salade
salamandro,salamandre
salajro,salarie
saliko,salice
okulfrapa,salient
"saliv/o,-i","saliv/e,-ar"
salmo,salmon
salpetro,salpetre
kolbaso,salsice
"salt/o,-i","salt/a,-ar"
salubra,salubri
"salut/i,-o","salut/ar,-ation"
"sav/i,-o","salv/ar,-ation"
salvo,salve
sama,sam
"san/a,-o","san,-itá"
sablo,sand
"sang/o,-/ad/i","sangu/e,-ar"
hirudo,sanguisuc
"sankt/a,-i","sant,-ificar"
"ŝu/o,-isto","sapat/e,-ero"
"gust/i, bongusta","sap/er,-orosi"
"sap/o,-umi","sapon,-ar"
"sape/o,-isto","sapp/e,-ero"
ĉerko,sarco
"sark/i,-aĵo","sarcl/ar,-age"
sufiĉe,sat
kontentigi,satisfar
"sat/a,-igi","satur,-ar"
sabato,saturdí
saŭco,sauce
sovaĝa,savagi
scii,saver
ĝui,savurar
skabelo,scabelle
skabio,scabie
ŝranko,scaf
skafaldo,scafalde
l.skalo 2.stupetaro,scale
ŝtuparo,scaliere
skarabo,scarabé
skarlato,scarlat
kruta,scarp/at/
skatolo,scatulle
sceptro,sceptre
"scienc/o,-a,-ulo","scient/ie,-ic,-ist"
"fajrero, /el./ parko",scintille
sklavo,sclave
"akvobaraĵo, flu-baro",scluse
"lernejo, skolo","scol/a,-e"
celo,scope
skorbuto,scorbut
skorio,scorie
skrapi,scrappar
ekrano,scren
"skrib/i,-ado,-o","scr/ir,-ition,-itura"
skrofulo,scroful
"skrupul/o,-a","scrupul,-osi"
"ŝraŭb/o,-i","scruv/e,-ar"
ŝildo,scude
"skulpt/i,-isto","sculpt/er,-or"
"ŝaŭm/o,-i","scum,-ar"
sciuro,scurel
sin,se
sebo,sebe
sekalo,secale
apartigi,secluder
sekundo,seconde
"sekreci/i,-o","secre/er,-tion"
"sekret/a,-o,-ario","secret,-e,-ario"
"sekt/o,-ano","sect/a,-ano"
"/dis/sekc/i,-o","sect/er,-ion"
sekvi,secuer=sequer
"jarcento, centjaro",sécul
laŭ,secun
"dua, sekundara","secund,-ari"
"sekur/a,-igi","secur,-ar"
"sid/i,-ejo","sed/er,-e"
"sel/o,-i","sedl/e,-ar"
delogi,seducter
"seg/ilo,-i","seg/a,-ar"
"vel/o,-veturi","segl/e,-ar"
segmento,segment
"rest/ado,-adi","sejorn/e,-ar"
"selekt/i,-o","select/er,-ion"
mem,self
"semajn/o,-a","seman/e,-al"
"ŝajn/i,-o","sembl/ar,-antie"
"sem/o,-i","sem/e,-ar"
duon,semi=demi
ĉiam,sempre
"sinjor/o,-ino","senior,-a"
senco,sense
sentema,sensibil
"sens/o,-a","sensu,-al"
"sent/o,-i,-ebla","sent/e,-ir,-ibil"
"separ/i,-o","separ/ar,-ation"
septembro,septembre
"sepulti, entombigi",sepulter
putra,septic
"sekvi, sinsekvo","sequ/er, -entie"
serĉi,serchar
serena,seren
serĝento,sergente
"serpent/o,-a","serpent/e,-in"
serioza,seriosi
"kunpremi, premtenilo","serr/ar,-ette"
seruro,serrure
servico,service
"servo, deĵoro",servicie
buŝtuko,serviette
"serv/i,-isto","serv/ir,-itor"
servuto,servitute
"senreptulo, servitulo",servo
sesio,session
soifo,sete
sep,sett
severa,severi
"seks/o,-a","sexu,-al"
se,si
sibli,sibilar
"sek/a,-igi","sicc,-ar"
fajfi,sifflar
sigelo,sigill
"sign/o,-i,-ifi","sign/e,-ar,-ificar"
"silent/a,-o","silent,-ie"
"silk/o,-a","silk,-in"
"sileb/o,-i","sillab/e,-ar"
simio,simie
"simil/a,-i,-eco","simil,-ar,-itá"
"simpl/a,-igi","simpl/ic,-ificar"
simuli,simular
samtempa,simultan
sen,sin
sinapo,sinap
sincera,sinceri
sindikato,sindicate
plorsingulti,singlutar
"unuopa, singularo","singul,-are"
sinistra,sinistri
senlabora,sinlabor
sino,sinu
sorbi,sirotar
tertremo,sisme
sitelo,sitell
"situ/i,-acio","situ/ar,-ation"
aŭ...aŭ,sive...sive
ses,six
ŝlimo,slamm
"akrig/i,-ilo","slif/ar,-uore"
ĵetilo,sling
"sled/o,-i","slitt/e,-ar"
smirgo,smeril
sobra,sobri
"soci/o,-a,-ala","soci/ete,-al"
kunulo,socio
soklo,socle
blovi,soflar
"sol/a,-eco","sol,-itá"
"sun/o,-a","sol/e,-ari"
ŝu-plando,solea
dimanĉo,soledí
solena,solemni
solida,solid
"solidar/a,-eco","solidari,-ita"
pretendi,solicitar
"solv/i,-/aĵ/o","solu/er,-tion"
"supro, pinto",sommit
"sonĝ/i,-o","somni/ar,-e"
"son/o,-i","son,-ar"
son,"sond/e,-ar"
sordida,sordid
speco,sorte
"suspir/o,-i","sospir/e,-ar"
ofte,sovente
"spac/o,-a","spaci/e,-al"
"fos/ilo,-i","spad/e,-ar"
pasero,sparro
"speci/o,-ala","speci/e,-al"
specimeno,specimen
"spekt/i,-anto","spect/ar,-ator"
spegulo,spegul
"spion/o,-i","spion,-ar"
spiko,spica
spico,spice
spinaco,spinace
"dorn/o,-oplena","spin/e,-osi"
spino,spine dorsal
groso,spin-crusbere
spindelo,spindle
pinglo,spingle
"spir/i,-o","spir/ar,-a"
spirito,spirite
"menso,spirito",spíritu
"brili, belega","splend/er,-id"
ŝtipo,splinte
"lignero, splito",splittre
priŝteli,spoliar
"fianĉ/i,-o,-ino","spon/der,-so,-sa"
spongo,spongie
spontana,spontan
sporada,sporadic
sprono,sporne
alcoholo,sprite
ŝpruci,spruzzar
bobeno,spul
sputi,sputar
skvamo,squame
skermi,squermar
skeleto,squelette
"stabil/a,-igi","stabil,-isar"
"ŝtal/o,-a","stal,-in"
stalo,stalle
"stamp/ilo,-aĵo,-i","stamp,-e,-ar"
farti,standar
"norm/o,-igi","standard/e,-isar"
standardo,standarte
stano,stanno
stari,star
,"stat/e,-al,-mann = ŝtat/o,-a,-viro"
"stacio, stacidomo",station
stato,statu
statuo,statue
starigi,statuer
"stel/o,-a","stell/e,-ari"
"sterk/o,-i","sterc/o,-ar"
"steril/a,-igi","steril,-isar"
terni,sternutar
stilo,stil
"stimul/o,-i","stimul,-ar"
pedunklo,stípite
"stir/ilo,-i","stir,-ar"
stoko,stock
ŝtofo,stoff
"stoik/a,-ismo","stoic,-isme"
"stomak/o,-a","stomac,-al"
"stopi,haltigi",stoppar
cikonio,storc
ŝtormo,storm
stovo,stove
strabi,strabar
"stret/o,-eto","strad/e,-ette"
stranga,strangi
strangoli,stranguler
rimeno,strap
"klopod/o,-i","strapaci/e,-ar"
tavolo,strate
tuj,strax
"strek/o,-i","strec,-ar"
mallarĝa,strett
strikta,strict
"strid/a,-i","strid/ant,-er"
strio,strie
strigli,strigular
piedingo,strip
strumo,struce
strumo,struma
ŝtrumpo,strumpe
"stuk/o,-i","stucc/a,-ar"
"stud/i,-ado","studi/ar,-e"
remburi,stuffar
seĝo,stul
"stult/a,-ulo","stult,-on"
stumpo,stump
stupo,stuppe
sturno,sturne
sia,su
"agrabla, ĉarma",suavi
sub,sub
submetiĝi,subir
subita,subit
"subjekt/o,-iva","subject/e,-iv"
/sub/jugi,subjugar
sublima,sublim
mergi,submerser
submeti,submetter
subordigi /sin/,subordinar /se/
"ridet/i,-o","subri/der,-de"
subskribi,subscrir
"subten/o,-i","subsidi/e,-ar"
substanco,substantie
substantivo,substantive
substitui,substituer
subŝtofo,substoff
substreki,substrecar
pleto,subtasse
subteni,subtener
subtera,subterran
subtila,subtil
subtrahi,subtraer
antaŭurbo,suburbe
subvencio,subvention
"suĉ/i,-infano","suc/ar,-on"
suko,succ
"sekv/i,-anto","succe/der,-ssor"
sukceso,success
"helpo, subteno",succurse
"zorg/o,-i","suci/e,-ar"
"suker/o,-aĵo","sucr/e,-age"
sperti malvenkon,sucumber
"sku/o,-i","sucuss/e,-er"
"sud/o,-a","sud,-ic"
"ŝvit/i,-o","sud/ar,-ore"
"kudr/i,-ado,-aĵo","su/er,-tion,-tura"
sufiĉi,suficer
sufikso,sufixe
sufleo,suflé
suflori,suflar
sufoki,sufocar
elektorajto,sufragie
"sufer/i,-o","sufr/er,-entie"
"sugest/i,-o","suggest/er,-ion"
sinmortigo,suicidie
"sulk/o,-i","sulc/a,-ar"
luti,suldar
"sulfur/o,-a","sulfur,ric"
"sum/o,-igi","summ/a,-ar"
"tero, grundo",suol
"sup/o,-ujo","sup,-iere"
"vespermanĵ/o,-i","supé,-ar"
"super,-i","súper,-ar"
superba=belega,superb
"surfac/o,-a","superfici/e,-al"
"superflu/a,-i","superflú,-er"
supera,superiori
"superstiĉ/o,-a","superstici/e,-osi"
"supervid/i,-o","supervi/der,-sion"
suplemento,suplement
"mortpun/o,-i","suplici/e,-ar"
"apog/o,-i","suport/e,-ar"
"supoz/i,-o","supos/ir,-ition"
supre,supra
subpremi,supresser
sur,sur
"surd/a,-muta","surd,-imut"
suro,sure
"surpriz/o,-i","surpris/e,-ar"
"elir/i,-o","surt/ir,-ida"
"suspekt/a,-i,-o","suspect,-er,-ion"
"eksig/i,-o","suspen/der,-sion"
susuri,susurrar
memoraĵo,suvenire
svelta,svelt
naĝi,svimmar
"pork/o,-a","svin,-in"
tien,ta
tabano,tabane
tablo,table
"tabul/o,-eto","tabul,-ette"
"silent/i,-o","tac/er,-entie"
"task/o,-i","tach/e,-ar"
silentema,taciturn
"takt/o,-i","tact/e,-ar"
tia,tal
talko,talc
talero,táler
"tajl/o,-i,-oro","talli/e,-ar,-ero"
tiamaniere,talmen
kalkanumo,talon
talpo,talpe
tiel,tam
"tambur/o,-i","tambur,-ar"
tamen,tamen
"stop/i,-ilo","tamp/ar,-on"
tiam,tande
"tan/i,-/in/o","tann/ar,-ine"
tiom,tant
onklino,tanta
"tapet/o,-i","tapet/e,-ar"
tapiŝo,tapisse
"ŝtop/ilo,-i","tapon,-ar"
esti malcerta,tappar
"malfrua, tarda",tard
tarifo,tarif
fringelo,tarine
torto,tarte
poŝo,tasca
taso,tasse
klavo,taste
tetui,tatuar
taŭro,tauro
taverno,taverne
melo,taxon
cin,te
teo,té
teatro,teatre
tegmento,tegment
tegolo,tegul
"tem/o,-a","tema,-tic"
vetero;-tempesto,temp/e;-este
moderigi,temperar
tempio,tempie
templo,temple
"takto, ritmo, rapid/ec/o",tempo
tempo,tempore
obstina,tenaci
tendo,tenda
"streĉ/i,-o,tensio","ten/der,-sion"
"tendenc/o,-a","tendent/ie,-iosi"
tendeno,tendon
tenera,tendri
tenebro=mallumo,tenebre
"ten/i,-ilo","ten/er,-ette"
tenio,tenia
tenono,tenon
"tent/i,-o","tent/ar,-ation"
maldika,tenui
tepida,tepid
terebinto,terebint/in/e
termofonto,terme
"termlim/o,-i","termin/e,-ar"
termino,termino
tero,terra
tereno,terren
"terur/i,-a","terr/er,-ibil"
"teror/o,-adi","terror,-isar"
triono,ters
tezo,tese
"test/o,-i,-amento","test,-ar,-ament"
"atest/anto/o,-i","testimon,-ie,-iar"
"mampinto, cico",tette
"teks/i,-isto","text/er,-ero"
"tekst/o,-a","textu,-al"
tiu /ĉi/,ti /ci/
1.tiko 2.iksodo,tic
"tiktak/i,-o","tic-tac/ar,-ament"
tikli,ticlar
tifo,tif
ĝis,til
tilio,tilie
timbalo,timbale
"tim/i,-ema,-o","tim/er,-id,-ore"
timono,timon
timpano,timpane
tindro,tindre
tino,tine
tineo,tinea
"tinkturi, farbi",tinter
tinti,tintlnar
"tip/o,-a","tip,-ic"
frapeti,tippar
kulo,típul
1.tiri 2.pafi,tirar
"tiran/o,-i","tirann/e,-issr"
tikli,titillar
"tltol/o,-i","titul,-ar"
tio,to
mantuko,toale
tufo,toffe
"toler/i,-ema,-ebla","toler/ar,-ant,-abil"
volumo,tom
"tomb/o,-ejo","tomb/e,-eria"
"tond/i,-/ad/o","ton/der,-sura"
"tun/o,-aro","tonn/e,-age"
"tondr/o,-i","tónner/e,-ar"
tonsilo,tonsille
torako,torax
torĉo,torche
"tord/i,-/ad/o","tor/der,-sion"
torfo,torfe
"torment/o,-i","torment/e,-ar"
"torn/i,-ilo; turni","torn/ar,-uore"
torento,torrente
torto,torte
testudo,tortug
"tortur/o,-i","tortur/a,-ar"
frua,tost
tuta; totala,tot; totala
toksa,toxic
tra,tra
traĥeo,traché
"trace/o,-i","traci/e,-ar"
"trakt/i,-aĵo","tract/ar,-ate"
transdoni,tradir
"tradici/o,-a","tradition,-al"
"traduk/i,-o","traduct/er,-ion"
treni,traer
trafiko,trafic
"perfid/i,-o","trah/ir,-ition"
trampo,tramp
tranĉi,tranchar
tranĉeo,trenché
"trankvil/e,-o,-igi","tranquil,-itá,-isar"
trans,trans
"transakci/i,-o","transact/er,-ion"
transcenda,transcendent
"transform/i,-atoro","transform/ar,-ator"
"transfuz/i,-o","transfus/er,-ion"
transpaŝi,transgresser
"transir/i,-o","trans/ir,-ition"
,transitiv i tranzitiva /verbo/
"traduk/i,-o","translat/er,-ion"
"translok/i,-o","transloc/ar,-ation"
"transmisi/i,-o","transmiss/er,-ion"
diafana,transparent
transplanti,transplantar
transversa,transversal
transverŝi,transversar
kaptilo,trappe
trajto,trate
trato,tratte
trabo,trave
transtrabo,traverse
alivesti,travestir
tre,tre
krado,trellie
/tim/tremo,trema
"trem/i,sku/i,-iĝo","trem/er,-ore"
tremolo,trémul
"trajno, vagonaro",tren
treni,trenar
trezoro,tresor
"harplekt/o,-i","tress/e,-ar"
tri,tri
tribo,tribe
imposti,tribuer
turmenti,tribular
tribunalo,tribunale
truko,tric
"trikot/o,-aĵo","tricot,-age"
trifolio,trifolie
"tril/o,-i","trill,-ar"
"trink/i,-aĵo","trinc/ar,-age"
triopo,trinitá
"trist/a,-o","trist,-esse"
pecetigi,triturar
triviala,trivial
tro,tro
trofeo,trofé
trombo,trombe
rostro,trompe
"tron/o,-i","tron,-ar"
"tropik/a,-zono","trop/ic,-es"
troti,trottar
trotuaro,trottuore
trovi,trovar
malklara,trubli
trufo,truffle
atuto,trump
"truapet/o,-i","trumpet/e,-ar"
trunko,trunc
truto,trute
"car/o,-ino","tsar,-essa"
"ci, cia","tu, tui"
tubo,tube
túbero,túbere
"tuberkul/o,-ozo","tubércul,-ose"
tuŝi,tuchar
tulipo,tulip
"ŝvel/i.-aĵo, tumoro","tum/er,-ore"
tumulo,tumul
tumulto,tumultu
"perturbi, ĝeni",turbar
turbino,turbine
turdo,turdo
turo,turre
turto,turtur
"tus/o,-i","tuss/e,-ar"
tusilago,tussilago
ci-diri,tutear
"kuratoro, protektoro",tutor
kie; kien; de kie,ú; ad ú; de ú
ĉie/est/a,ubiqui
kieajn,ucunc
strigo,ul
ulcero,ulcere
plua,ulteriori
lasta,ultim
"krom, escepte de",ultra
ululi,ulular
unbiliko,unbilico
"unu,-a,-igi,-eco","un,-ésim,-ir,-itá"
reciproke,unaltru
unco,uncie
ŝmiri,uncter
"ond/o,-i","und/e,-ear"
ondumi,undular
ungvento,unquente
ungo,úngul
unio,union
"iam, foje",unquande
"unuoble, unufoje",unvez
supren,up
uragano,uragane
urino,urine
"urĝ/i,-a","urg/er,-ent"
uro,uro
urogalo,urogallo
"urs/o,-a","urs/o,-in"
urtiko,urtica
"uz/i,-o,-ado","us/ar,-a,-ada"
uzino,usina
"kutim/o,-a","usu,-al"
uzuro,usure
ilaro,utensile
"util/a,-igi","util,-isar"
"grapolo, /vin/beraro",uve
uvulo,uvul
mi faros,va: yo va far
"vak/i,-anta","vac/ar,-ant"
"ferio, libertempo",vacantie
"bov/ino,-ido","vacc/a,-ello"
"vakcin/o,-i","vaccin/e,-ar"
vakcinio,vaccinie
trembrili,vacilar
"vaku/a,-i,-o","vacu/i,-ar,-um"
vadejo,vada
iri,vader
vaflo,vaffle
"nedifinita, necerta",vag
"veg/i,-ulo","vag/ar,-ard"
"vagin/o,-a","vagin/e,-al"
vagono,vagon
"valid/i,-a,-eco","val/er,-id,-iditá"
valizo,valise
valoro,valore
remparo,vall
valo,valley
valuto,valute
valvo,valve
"van/a,-eco","van,-itá"
vant/em/a,"vanit/ari,-osi"
vanteco,vaniglorie
vaporo,vapor
vaporŝipo,vapor-nave
"vari/e,-ebla",vari/e.-abil
diverseco,varietá
variko,varice
varicelo,varicelle
variolo,variole
vazo,vase
vasalo,vassale
vasta,vast
"vat/o,-i","vett/e,-ar"
ve!,vé!
vegeti,vegetar
vegetarano,vegetariane
energia,vehement
vehiklo; vetur/ili,"vehicul,-ar"
"vual/o,-i","vel/e,-er"
ai farus,vell: yo vell far
rapida,veloci
veluro,velur
"vend/i,-o,-ebla","vend/ir,-e,-ibil"
vejno,vene
veneno,venen
honori,venerer
venoredo,venerdí
veni,venir
"venĝ/o,-i","venj/a,-ar"
"vent/o,-a","vent/e,-osi"
ventumilo,ventol
ventro,ventre
ventriklo,ventricul
"ver/a,-o","ver,-itá"
legalizi,"ver,-ificar"
verbo,verbe
"verd/e,-iĝi","verd/i,-eer"
verdikto,verdicte
vergo,verge
"verm/o,-ohava","verma/e,-atri"
"printemp/o,-a","vern/e,-al"
verniso,vernisse
directe al,vers
verŝi,versar
"vers/o,-i","vers/e,-ificar"
verŝajna,versimil
antaьa flanko,verso
vertebro,vertebre
reversi,verter
vertico,vertice
vertikala,vertical
vertiĝo,vertigine
"virt/o,-a","vertú,-osi"
veruko,veruca
vervo,verve
veziketo,vesícul
vespo,vespe
"vesper/o,-a","vesper,-al"
veziko,vessica
"vest/i,-o","vest/ir,-e"
vestiĝo,vestigie
veterinaro,veterinario
turmenti,vexar
duoble,vez: du vez
"vidu,- jen",vi
"voj/o.-aĝo,-aĝi","vi/a,-age,-agear"
viadukto,viaducte
"horaro, horlibro",viarium
vikario,vicario
"anstateŭ,-i","vice,-ar"
"malvirt/o,-e","vici/e,-osi"
"nsjbar/a,-o,-eco","vicin,-o,-itá"
"venk/i,-into,-o","vict/er,-or,-orie"
viktimo,victime
nutraĵoj,victuales
"vid/i,-ebla","vi/der,-sibil"
"vidv/o,-ino","vidu/o,-a"
"vigl/a,-i","vigil,-ar"
"vivpotenco, esti vitala","vig/ore,-er"
malnobla,vili
fia,vilan
"vilaĝ/o,-a","villag/e,-ean"
"vin/o,-berejo","vin,-iera"
vinagro,vinagre
vinjeto,viniette
"violent/a,-i","violent,-ar"
violo,violette
violono,violine
vipero,vípere
vira virino,virago
virgino,virgina
vira,viril
"/akvo-,vento-/ vortico",virle
"ŝajna, kvazaŭa, inaga",virtual
viskoza,viscosi
vizo,visa
vizaĝo,visage
visceroj,visceres
vizio,vise
celgrajno,visette
"vizit/i,-o","visit/ar,-ation"
vidkapablo,visivitá
vidaĵo,vista
"vital/a,-eco","vital,-itá"
vito,vite
"vitr/o,-ino /vitroŝranko/","vitr/e,-ine"
"viv/o,-i,-ema","viv/e,-er,-aci"
revivigi,vivificar
vivonaska,vivipari
voki,vocar
vokalo,vocale
voĉo,voce
"promesi, voti",voer
flugi,volar
"vol/i,-o","vol/er,-entie"
volvi,voluer
volumo,volume
volvumeno,voiumine
"volont/eco,-a","volunt/á,-ari"
volupto,voluptá
vomi,vomir
via,vor
"vor/i,-ema","vor/ar,-aci"
vin,vos
voĉdoni,votar
ŝipruino,vrec
vi,vu
vulkano,vulcane
vulgara,vulgari
"vund/o,-i","vúlner/e,-ar"
"volb/o,-igi","vult/e,-ar"
vulturo,vultur
"vato, vatto",watt
okcidento,west
viskio,whisky
vistludo,wist/-lude/
"x-radioj,iks-radioj",X-radies
fremdvortaro,xenolexico
ksilofono,xilofon
ksilografio,xilografie
ja,ya
jaĥto,yacht
"jarno, ŝpinfadeno",yarn
je,ye
flava,yelb
jelpi,yellar
hiereь/a,"yer,-al"
jes,yes
mi,yo
jodli,yodlar
jolo,yoll
jufto,yufte
"yun/a,-ulo,-eco","yun,-o,-esse"
zebro,zebre
zefiro,zefire
zenito,zenite
zigzaga,zig-zag
zinko,zinc
zingibro,zingibre
zibelo,zóbol
zodiako,zodiac
zono,zone